\,watt-median,L1-dcache-loads:u,L1-dcache-loads:u-square,L1-dcache-stores:u,L1-dcache-stores:u-square,L1-icache-load-misses:u,L1-icache-load-misses:u-square,LLC-loads:u,LLC-loads:u-square,LLC-load-misses:u,LLC-load-misses:u-square,LLC-stores:u,LLC-stores:u-square,LLC-store-misses:u,LLC-store-misses:u-square,dTLB-loads:u,dTLB-loads:u-square,dTLB-load-misses:u,dTLB-load-misses:u-square,dTLB-stores:u,dTLB-stores:u-square,dTLB-store-misses:u,dTLB-store-misses:u-square,iTLB-load-misses:u,iTLB-load-misses:u-square,branch-loads:u,branch-loads:u-square,branch-load-misses:u,branch-load-misses:u-square,L1-dcache-load-misses:u,L1-dcache-load-misses:u-square,node-loads:u,node-loads:u-square,branch-instructions:u,branch-instructions:u-square,branch-misses:u,branch-misses:u-square,bus-cycles:u,bus-cycles:u-square,cache-misses:u,cache-misses:u-square,cache-references:u,cache-references:u-square,cpu-cycles:u,cpu-cycles:u-square,instructions:u,instructions:u-square,mem-stores:u,mem-stores:u-square,ref-cycles:u,ref-cycles:u-square,mem-loads-aux:u,mem-loads-aux:u-square,slots:u,slots:u-square,topdown-br-mispredict:u,topdown-br-mispredict:u-square,topdown-fetch-lat:u,topdown-fetch-lat:u-square
sleep 10s,0.0,0.0,0.0,0.0,0.0,0.0,0.0,0.0,0.0,0.0,0.0,0.0,0.0,0.0,0.0,0.0,0.0,0.0,0.0,0.0,0.0,0.0,0.0,0.0,0.0,0.0,0.0,0.0,0.0,0.0,0.0,0.0,0.0,0.0,0.0,0.0,0.0,0.0,0.0,0.0,0.0,0.0,0.0,0.0,0.0,0.0,0.0,0.0,0.0,0.0,0.0,0.0,0.0,0.0,0.0,0.0,0.0,0.0,0.0
sum_up_benchmark,11.415,1902017240.10805,3.617669581668244e+18,759155490.260695,5.7631705839295616e+17,2809673.65861174,7894266067896.681,774092.241704028,599218798666.3673,9429.85774920106,88922217.1701673,1021013.83819967,1042469257795.2218,29632.7474040872,878099718.7144367,1920626160.55948,3.6888048486254495e+18,146350.55962341,21418486302.085285,766578119.638206,5.876420135080476e+17,211483.675442359,44725344978.60904,109381.308268793,11964270598.592724,2430663225.65743,5.908123716563383e+18,16328427.4222474,266617542083600.88,7010385.51223173,49145505030108.53,482.710655398453,233009.57683520406,2382488333.60417,5.676250659759974e+18,15942145.7385711,254152010749840.7,3143643937.48945,9.882497205714172e+18,1064359.83184801,1132861851651.524,23190252.0061423,537787788108386.94,3098193380.76782,9.598802224633532e+18,11006789198.2768,1.2114940845530284e+20,909366006.417931,8.269465336284965e+17,3134993451.98879,9.82818394401259e+18,84669.3128284221,7168892534.837204,16851332437.459,2.8396740491775787e+20,2316390249.37924,5.365663787419218e+18,1483551481.55592,2.2009249984267648e+18
stress-ng --cpu 1 --cpu-method all --timeout 10s,9.81,999371659.178709,9.987437131696058e+17,450514867.610949,2.0296364593851088e+17,9739194.49208883,94851909354733.4,4904.54475811002,24054559.284304474,82.1508929063621,6748.769205312576,74704.1062734073,5580703494.108533,67.205312458345,4516.554022623783,1001719717.5731,1.0034423925747311e+18,610.020386318052,372124.87172362546,451567430.606465,2.0391314438452458e+17,445.960164206214,198880.46805883336,33895.8245782252,1148926923.8378155,831462527.474218,6.913299345938148e+17,12173349.4775528,148190437502635.03,64748824.4173323,4192410263426527.5,7.04703287895017,49.660672397004724,834075650.430514,6.956821906410849e+17,12145093.4359854,147503294568815.62,3465308152.58008,1.2008360592337967e+19,2375.00976525514,5640671.385057274,533363.488053257,284476610388.3368,3456443579.82158,1.1947002220489818e+19,7607541582.57032,5.787468893053653e+19,452457782.191367,2.0471804466553046e+17,3468530315.87654,1.2030702552154612e+19,2732439.84598047,7466227511901.775,20717570764.0899,4.292177383650726e+20,1787447327.24331,3.1949679476692526e+18,1300328011.47366,1.6908529374230428e+18
stress-ng --cpu 1 --cpu-method ackermann --timeout 10s,9.535,1340749777.70635,1.7976099664196273e+18,1340696876.64819,1.797468115054212e+18,26246.1116861365,688858378.641151,88.8739200566596,7898.573666237521,13.7122057753788,188.02458722633173,24.9632456265814,623.1636322130354,3.08345472249057,9.507693025649399,1340953909.17723,1.7981573865376945e+18,80.865824710471,6539.281606104622,1340901078.65979,1.7980157027509885e+18,64.698174505382,4185.853784328861,88.9157021150716,7906.002082616147,4268624481.12842,1.822115496088887e+19,7516859.32813596,56503174158984.59,9057.11275865917,82031291.52306673,-0.797619359252862,-0.797619359252862,3774870969.52742,1.4249650836580884e+19,6593654.09657831,43476274345323.93,3471078645.12835,1.204838696066606e+19,1053.55328543817,1109974.525257562,2610.47094995736,6814558.580571282,2874015584.13453,8.259965577848144e+18,13189178963.7655,1.7395444173823436e+20,1341063760.36964,1.7984520093767596e+18,3465343767.22379,1.200860742503677e+19,509.690634842117,259784.54324576026,20804300282.8758,4.328189102600661e+20,652835429.25916,4.2619409769599174e+17,571569911.438686,3.266921636620274e+17
stress-ng --cpu 1 --cpu-method apery --timeout 10s,8.59,462420706.937085,2.1383291020419344e+17,462333873.771598,2.137526108366519e+17,24703.9237094352,610283846.6415945,98.0617419545487,9616.105235160496,37.3586985736637,1395.6723591178622,23.1102354689664,534.0829834310726,0.694597354953575,0.48246548550850266,461435599.538465,2.1292281252142266e+17,78.0464742760831,6091.2521469273015,461348738.889184,2.1284265887464048e+17,64.146326681664,4114.751226750758,277.392659363789,76946.68746891507,924854716.442451,8.553562465258464e+17,12068.4927496332,145648517.24794912,4082.67025432224,16668196.405527623,3.07697052902033,9.467747636459649,922040803.940713,8.501592441316365e+17,12308.3782745283,151496175.74888027,3469092589.95035,1.2034603397648425e+19,1004.10840669838,1008233.6924023593,2532.10782471239,6411570.035969712,2872220439.08575,8.249650250701939e+18,10559345637.7852,1.1149978029821333e+20,555836403.27756,3.0895410720853434e+17,3463458466.16791,1.1995544546870172e+19,461.16288282378,212671.20449433947,17248373532.9851,2.975063895333809e+20,215501.468830258,46440883067.998665,506212.377923326,256250971562.7882
stress-ng --cpu 1 --cpu-method bitops --timeout 10s,8.435,176145.840220474,31027357026.976753,97167.1137361255,9441447991.809149,25483.3204222939,649399619.7453012,189.233642384502,35809.37141010559,19.7219971239771,388.957170558161,3.36855055729334,11.34713285704127,1.98604062370887,3.944357359021917,176083.551135384,31005416980.447395,80.6773967658348,6508.842348911931,97105.984652513,9429572255.33409,64.0094477445324,4097.209400560023,378.654119704771,143378.94236939505,1919027279.93943,3.6826657011517276e+18,98204.4304726028,9644110164.448278,5689.40021531671,32369274.81004583,3.87613550785589,15.024426475261237,1920899317.80261,3.689854189134532e+18,105422.54538733,11113913075.943653,3469316598.77621,1.2036157662544128e+19,918.18757020537,843068.4140796412,2509.49348754593,6297557.564035434,2872338515.21742,8.250328546001413e+18,14656786803.1793,2.148213993938509e+20,97602.0227905593,9526154852.808859,3460885392.20997,1.1977727698012359e+19,504.66425703239,254686.01232605422,17230810521.4894,2.9690083122746976e+20,210315.168120114,44232469941.39181,521691.508377125,272162029912.7999
stress-ng --cpu 1 --cpu-method callfunc --timeout 10s,9.105,1394248323.09356,1.943928386449204e+18,940607909.658062,8.847432397113089e+17,26492.020072198,701827127.5057417,130.494638034765,17028.850555824334,39.2181596206453,1538.0640440304137,30.3605534796012,921.7632075877245,0.696809941573833,0.4855440946761286,1683041098.45478,2.832627339087873e+18,81.0830287568924,6574.457552391041,1135438919.92526,1.2892215408810412e+18,62.0264484496204,3847.2803072734173,114.574308951845,13127.272271792828,2922540607.83221,8.541243604428263e+18,3455383.91647264,11939678010217.799,8679.50100754079,75333737.73990159,-0.598410206068074,-0.598410206068074,3540829927.47867,1.2537476575328604e+19,4197421.59630288,17618348057109.816,3465029067.87389,1.2006426441210999e+19,996.318990745638,992651.5313204066,2637.04762862478,6954020.195635575,2868735375.26597,8.229642653302387e+18,10274768712.4567,1.055708720944791e+20,1135332908.35524,1.288980812794368e+18,3469837605.61476,1.203977300933837e+19,474.803275849778,225438.15075768039,17218663803.0666,2.96482383163036e+20,472832902.945364,2.2357095410774e+17,203038448.788222,4.122461168632744e+16
stress-ng --cpu 1 --cpu-method cdouble --timeout 10s,10.69,2712739017.94511,7.358952979481799e+18,1192631679.89727,1.4223703238945843e+18,82730.9213086872,6844405340.584194,223.15139401831,49796.54465231503,20.1772569920876,407.12169972474794,6.46244849761964,41.76324058438634,3.18289783113927,10.13083860347107,2714497881.24983,7.368498747309815e+18,83.9179131655711,7042.216150064331,1193429548.09323,1.4242740862620111e+18,61.9953074357083,3843.418144047989,191.146843569976,36537.11580676487,1712179127.89214,2.9315573659894886e+18,7342886.53438742,53917982656888.09,14357.1714583512,206128372.28449434,0.992138516531515,0.9843388359853552,1710696484.79583,2.926482463092809e+18,7358992.17809229,54154765877223.5,3470940646.74431,1.2047428973221808e+19,962.44930365193,926308.6621000849,2613.52534441551,6830514.725902211,2873696690.34431,8.25813266809584e+18,11137607283.9238,1.2404629601091248e+20,1194497291.1262,1.4268237785078298e+18,3470231353.97117,1.204250565008458e+19,527.405970341504,278157.0575518634,20765103598.523,4.311895274573928e+20,1954404712.39117,3.819697779816812e+18,244757766.595428,5.990636430878201e+16
stress-ng --cpu 1 --cpu-method cfloat --timeout 10s,9.27,919761239.915638,8.459607384511517e+17,504628949.786123,2.5465037696224544e+17,48641.1311065868,2365959635.328166,207.847065435637,43200.40261020597,38.4407151919227,1477.6885844665167,10.0339232754115,100.67961629684463,1.19273612647205,1.42261946739155,919242100.875096,8.450060400212602e+17,87.6234048798658,7677.86108274089,504378786.81005,2.543979605839779e+17,67.679019414437,4580.44966889974,10467.5707788858,109570038.01098387,629632188.114844,3.964366923102863e+17,3272854.13724899,10711574203707.832,6029.95362931693,36360340.77171242,3.8747943045584,15.014030902638215,631815394.844602,3.991906931626403e+17,3299464.21166313,10886464084045.8,3464053220.02596,1.199966471117222e+19,982.521827410815,965349.1413386874,2628.97259782195,6911496.920098692,3461361973.47426,1.1981026711413623e+19,3823910923.5921,1.462229475156699e+19,503722764.0542,2.5373662302640323e+17,3464083989.32707,1.199987788511215e+19,47615251.1507692,2267212142150827.5,17231220317.0757,2.9691495361560235e+20,811000235.690497,6.577213822900417e+17,1351819830.66255,1.8274168545725253e+18
stress-ng --cpu 1 --cpu-method clongdouble --timeout 10s,9.53,1066080345.86217,1.136527303833604e+18,504141479.50406,2.5415863135654253e+17,115711.140613322,13389068062.035976,206.396439777284,42599.49035273802,15.80731590108,249.87123599653663,4.17625555843439,17.441110489354134,2.38767833233648,5.7010078187091136,1061277522.84782,1.1263099805020052e+18,163.403559163476,26700.7231472916,501882471.955299,2.518860156559615e+17,80.067742338948,6410.8433632561655,234.732890637436,55099.529947006486,742305807.136775,5.51017911308979e+17,1991781.55164686,3967193749480.7734,16361.926843176,267712650.0214433,4.26847538654191,18.219882125514108,745816366.315437,5.5624205226396205e+17,2015230.75741027,4061155005612.37,3458720300.00181,1.1962746113644612e+19,1192.64925578116,1422412.2473153549,3156.98587099447,9966559.789658714,2863579110.71927,8.200085323347766e+18,4943208729.84761,2.4435312546841625e+19,501385948.18749,2.5138786903986838e+17,3468136449.35981,1.202797043137807e+19,555.891827910537,309015.7243377181,17230017950.6879,2.968735185810273e+20,675822451.164763,4.567359854983484e+17,1757099404.10411,3.0873983159030185e+18
stress-ng --cpu 1 --cpu-method collatz --timeout 10s,9.155,13065886.7360163,170717396198406.66,7580200.84445296,57459444842245.375,25961.7929713903,674014694.2893307,190.752904615239,36386.67061915047,14.6105235098715,213.46739723250784,10.9399613857658,119.68275512204676,3.78011536660681,14.289272184856939,15734365.090794,247570244810396.9,81.2933465272256,6608.608189595581,9127636.11383656,83313741026613.39,61.9683811458634,3840.080261838998,173.208100379659,30001.046037130025,1753994411.09098,3.076496394138394e+18,594480.948520992,353407598154.4183,4090.05786406809,16728573.331425227,0.789667137041115,0.6235741873227111,2109578185.34656,4.450320120090085e+18,637484.246477586,406386164507.0956,3469493160.14734,1.2037382788309174e+19,1027.34543922774,1055438.651502038,2493.06837174112,6215389.906175918,3466812592.68535,1.2018789552801718e+19,7720338213.73708,5.960362213448904e+19,7562055.23874217,57184679433787.9,3461546895.19368,1.1982306907625005e+19,528.259192904802,279057.7748884329,17251548256.2057,2.976159172361939e+20,67852739.8517069,4603994305383415.0,2571045029.7672,6.610272545090622e+18
stress-ng --cpu 1 --cpu-method correlate --timeout 10s,9.16,1402432633.4609,1.9668172913960753e+18,3233371.31196118,10454690041013.562,28156.6857634273,792798953.1803896,153.627789143047,23601.497596980513,39.5210091407428,1561.910163502676,24.7377168607649,611.9546354833719,1.68930622612465,2.8537555256235074,1697395824.31955,2.881152584417445e+18,80.0149726195442,6402.395843306407,3901730.55354568,15223501312471.877,70.0987520151574,4913.835034082534,143.655953271524,20637.032910350288,709299328.998998,5.0310553811842886e+17,1592760.87251965,2536887197029.5566,27773247.5022426,771353276820824.8,-0.701416205168133,-0.701416205168133,855547326.689766,7.319612282060052e+17,1920495.0634654,3688301288794.97,3463349802.55809,1.1994791854879162e+19,917.944387973978,842621.899412921,2512.08910133597,6310591.653050962,2867554281.97165,8.222867560053946e+18,7845249043.05638,6.154793254757705e+19,3241932.66103103,10510127378659.736,3468987852.91785,1.2033876723691596e+19,489.308329394075,239422.64121442058,17223668725.7199,2.966547643733417e+20,270355640.30669,7.309217224564034e+16,610650.479387411,372894007976.0749
stress-ng --cpu 1 --cpu-method crc16 --timeout 10s,8.305,90711146.7340845,8228512141812609.0,586207.997537954,343639816377.4579,22905.696046699,524670911.3837621,184.4814993202,34033.423591428946,17.182749128857,295.246867625236,9.84009341888713,96.82743849242583,1.78979621266914,3.2033704828847975,90682442.4288751,8223305364866248.0,104.970492946514,11018.804389434144,585983.120560116,343376217581.37146,63.6216774685369,4047.717843910536,320.224414463659,102543.67561859326,91246617.7464467,8325945250166162.0,172820.082486372,29866780910.596424,5594.99804044101,31304003.07253874,3.17614704091121,10.087910025489034,90961076.6817346,8273917471100403.0,171951.939932358,29567469646.501247,3469960158.5081,1.2040623501633559e+19,1158.57487354789,1342295.7376165094,2457.71876777282,6040381.541462747,3398577414.46065,1.1550328442082036e+19,5963810092.86457,3.5567030823753306e+19,586224.160636671,343658766514.16943,3464408508.72375,1.2002126315317518e+19,535.963398884337,287256.764943651,20337005344.6566,4.1359378638859115e+20,212294.148432852,45068805458.829796,533701.706116784,284837511111.96606
stress-ng --cpu 1 --cpu-method dither --timeout 10s,10.69,1805923141.7443,3.2613583938876027e+18,1570061876.80662,2.465094297001526e+18,25669.8480064911,658941096.676355,445.578473719297,198540.17624201823,57.2811228307304,3281.127032749224,947.349320409326,897470.7348800118,26.3595422294006,694.8254665435535,1808591111.92843,3.271001810146515e+18,81.7151024484327,6677.357968157852,1572381485.18482,2.47238353495202e+18,195.420129862955,38189.0271556542,408.391823115331,166783.88118746382,1743360871.71148,3.039307129014611e+18,389058.498757691,151366515455.58826,48197958.9788368,2323043249725634.5,1.88803315334618,3.5646691881343204,1734017127.17605,3.0068153973398815e+18,349186.512599354,121931220581.29883,3470688672.25306,1.2045679859705709e+19,1128.74651693609,1274068.6994953551,7802.86045401471,60884631.26482664,3450096487.12464,1.1903165770469782e+19,11887861813.8536,1.4132125850527859e+20,1581023414.45764,2.4996350370632945e+18,3461397783.80106,1.1981274617702892e+19,493.470445102011,243513.08018917686,19837717010.1171,3.935350161734893e+20,210308.512800944,44229670556.54483,522156.868126538,272647794931.71478
stress-ng --cpu 1 --cpu-method div8 --timeout 10s,7.5,178341.150250032,31805565872.504486,112517.187214037,12660117418.558651,25641.3977797087,657481280.0972502,231.84018056788,53749.869325747204,19.5847736913933,383.5633605430911,5.07093102157985,25.71434142562086,3.58120464895774,12.82502673771653,178912.502148752,32009683425.127193,81.1164812861829,6579.883536251661,113103.063575658,12792302990.199335,63.9382258184921,4088.09672081649,240.599590476036,57888.16293723624,480775444.299208,2.3114502784110083e+17,2164268.53875032,4684058307824.446,4926.05419256456,24266009.90808288,2.88015789164317,8.29530948079443,480829122.735313,2.311966452704107e+17,2171551.55619562,4715636161215.619,3461302707.73928,1.1980616434603272e+19,872.780462953387,761745.7365131285,2535.75194097926,6430037.906180084,2865792352.40865,8.212765807123903e+18,3368532349.39818,1.1347010188942023e+19,112506.466539011,12657705013.093603,3465528188.94223,1.2009885628353214e+19,472.844685127042,223582.0962528915,17247230439.354,2.9746695782817917e+20,135467308.529561,1.835139168024327e+16,203400228.500249,4.13716529539535e+16
stress-ng --cpu 1 --cpu-method div16 --timeout 10s,8.455,193936.896273983,37611519736.38564,123135.949846938,15162462144.707632,24680.068019527,609105757.4484794,243.31132766838,59200.402171749774,14.1067356021953,198.9999893502444,0.19577853958101,0.038329236560473094,2.08855367316492,4.362056445690679,193701.100627486,37520116384.29946,80.9387258582706,6551.077343560282,122857.752124307,15094027257.037659,64.4500204359256,4153.805134191227,405.423303484681,164368.05500843175,467856390.471438,2.1888960210496266e+17,2088022.13326231,4359836428993.2876,4328.86335673691,18739057.961299546,-0.201390711739406,-0.201390711739406,563814102.898735,3.178863426275054e+17,2518576.30052912,6343226581586.948,3469196052.08192,1.203532124778078e+19,976.443706073003,953442.3111295811,2551.90803386675,6512234.613313662,3466331129.45959,1.2015451499060597e+19,3360347120.16937,1.1291932768030579e+19,112297.195276709,12610660067.015314,3468125581.75887,1.2027895050850302e+19,536.531595664803,287866.1531466197,20807150367.1251,4.3293750640015416e+20,81795261.7843174,6690464850365015.0,6935597620.34377,4.810251435131816e+19
stress-ng --cpu 1 --cpu-method div32 --timeout 10s,7.555,178467.103198672,31850506924.125443,112667.492975608,12693963973.408676,25900.8231975223,670852642.3093092,189.239334082318,35811.52556391917,16.9686844426976,287.9362517158476,8.14446028173101,66.33223328069397,1.98772137862608,3.951036279047164,197271.863850841,38916188267.18475,84.4505544083562,7131.8961398787305,125493.003802851,15748494003.462376,60.4899830528024,3659.0380497283218,114.973357292016,13218.87288699757,479926386.086614,2.303293360621577e+17,2142838.24622973,4591755749504.905,5276.05497217329,27836756.06939449,4.87260496161715,23.74227911197607,481031953.497458,2.3139174028558058e+17,2146794.12969594,4608725035296.947,3470556808.23902,1.2044764559214213e+19,993.075342785338,986198.6364482165,2631.28626029955,6923667.383641192,2952071217.8521,8.71472447527078e+18,3368734299.67571,1.1348370781811597e+19,112511.740982463,12658891858.904844,3465835286.54476,1.20120142334588e+19,466.316496737823,217451.0751298361,17224527280.6378,2.966843400414358e+20,135289114.286477,1.8303144444419436e+16,68078164.0095301,4634636414908479.0
stress-ng --cpu 1 --cpu-method div64 --timeout 10s,7.44,144046.976400197,20749531410.03891,89652.0824096743,8037495880.391032,29379.0447938276,863128272.9977287,197.795857843551,39123.20138006624,13.4145326687961,179.94968672219784,3.97603726652487,15.80887234479456,2.38725144174855,5.698969446130532,154621.02980063,23907662856.60731,79.6893470752343,6350.392037277153,96784.9146769781,9367319709.02993,62.9200352645344,3958.9308376902522,88.5906687842361,7848.306595638224,347638208.746725,1.2085232418063157e+17,1552139.88879438,2409138234386.6304,5712.81668896247,32636274.52168812,4.47242085034569,20.00254826260687,348322891.227924,1.2132883655338016e+17,1554971.02251568,2417934880863.459,3460067389.78008,1.1972066341819535e+19,874.369320309693,764521.7082988345,2378.80108241645,5658694.589705673,3457225094.34357,1.1952405352958908e+19,2446226621.92924,5.984024685835342e+18,97535.8256961929,9513237294.238123,3470663890.11989,1.204550783818213e+19,516.5024343068,266774.7646448502,20788804739.0408,4.321744024779652e+20,81723744.4292064,6678770403530244.0,516534.518849281,266807909162.85825
stress-ng --cpu 1 --cpu-method div128 --timeout 10s,9.555,1025189618.57567,1.0510137540353277e+18,328271863.518223,1.0776241637772682e+17,27411.7091794098,751401800.1365396,192.035801501555,36877.749058344634,19.3839513508451,375.73756997192953,6.96047334902112,48.44818924243329,4.07837364291443,16.63313157121912,1027815112.41864,1.0564039053161416e+18,78.3136039476881,6133.020563275349,329112977.7473,1.083153521216948e+17,62.8317252881965,3947.8257026913916,114.194150297957,13040.303962272392,1971449907.19613,3.88661473658363e+18,20569567.4468861,423107104951996.4,4159.81085455474,17304026.345671438,3.57607385173326,12.788304193050354,1632216190.25647,2.664129691735345e+18,16918566.95432,286237907787808.7,3469213815.77587,1.2035444499570172e+19,1084.35753720165,1175831.2684860278,2540.37781200266,6453519.427715423,2872357817.3821,8.250439431076062e+18,13356780246.0389,1.78403578540975e+20,395375648.162032,1.563219031595469e+17,3467680814.40318,1.2024810230579902e+19,475.79488335979,226380.77103135615,17247054080.3509,2.9746087445054856e+20,3719764335.34655,1.383664671051616e+19,406286723.052037,1.6506890132836262e+17
stress-ng --cpu 1 --cpu-method double --timeout 10s,9.7,2259072532.26476,5.103408706033115e+18,730322532.412943,5.333710013500542e+17,51181.2526633006,2619520624.1846147,194.158931524509,37697.69069073898,16.5647491087719,274.3909130365594,8.14221639922802,66.29568789185771,1.98732068532198,3.9494435063086244,1867579908.94735,3.487854716303792e+18,82.3030183265489,6773.786825660243,603763533.365243,3.645304042216828e+17,62.575157000081,3915.650273584786,1700.47417141324,2891612.407643545,883600455.016112,7.807497641046801e+17,10688232.0768622,114238304928866.05,11198.3377605537,125402768.59944287,2.88156712614138,8.303429102458692,882175327.362021,7.782333082062889e+17,10691691.5127945,114312267404761.95,3466076321.85635,1.2013685068933243e+19,982.937895962505,966166.9073191963,2604.44640812103,6783141.092774535,2869615189.05325,8.234691333245118e+18,7878360413.16033,6.20685627996518e+19,731574475.592688,5.352012133387164e+17,3472056275.52212,1.2055174780392536e+19,476.802367505444,227340.4976587965,20791214042.9328,4.3227458137904605e+20,2446016458.62967,5.982996515887233e+18,245094554.82757,6.007134080612471e+16
stress-ng --cpu 1 --cpu-method euler --timeout 10s,9.515,746515714.03158,5.572857112960797e+17,629850034.320806,3.967110657339205e+17,25903.9820967227,671016288.4673301,87.3261875389502,7625.8630300879,38.4198110686638,1476.0818825518213,23.1438206955149,535.6364363861438,0.0,0.0,734344017.226897,5.392611356369372e+17,78.4924895375858,6161.070913808016,619580088.944548,3.83879486616534e+17,62.2214947916979,3871.5144141132887,196.37332510253,38562.48281182394,1126318218.88243,1.2685927301864896e+18,3431.53672444001,11775444.291180473,5237.67870003435,27433278.16479352,3.67417950847284,13.49959506048172,1124079163.31483,1.2635539653985684e+18,3281.82205477298,10770355.999194346,3470475517.46223,1.2044200317304734e+19,936.530472831524,877089.3265420379,2583.92794852998,6676683.64319435,2871937497.5938,8.248024990085338e+18,9251992000.77472,8.559935598239939e+19,747934455.688264,5.594059500056998e+17,3461392045.72345,1.1981234894197572e+19,454.256820335896,206349.2588216785,17215372197.554,2.963690399003153e+20,212424.100833478,45123998614.91163,551613.451447521,304277399817.8466
stress-ng --cpu 1 --cpu-method explog --timeout 10s,8.39,1123741404.04515,1.2627947431653652e+18,231397792.103164,5.35449381902191e+16,33883.457573746,1148088697.1518455,119.756975356763,14341.733146600338,48.7054372405195,2372.219616790184,23.065673368917,532.025287961567,0.298310528330061,0.08898917131256012,1357539346.74016,1.8429130779477002e+18,77.4972953289626,6005.830783304447,279533335.391682,7.81388855951986e+16,63.8114275543524,4071.8982865243647,597.472006504642,356972.79855668294,660533828.564815,4.363049386784925e+17,2959.41965951898,8758164.721147437,10390.7266449233,107967200.209519,5.66510208767649,32.09338166379653,660346787.186069,4.360578793469635e+17,2957.12616132641,8744595.134001069,3471353830.58711,1.2050297417131803e+19,940.061096476555,883714.8651087029,2349.38534123848,5519611.48162625,3468702400.22893,1.203189634135394e+19,4401626971.97905,1.9374320000453456e+19,242643089.709215,5.887566898363415e+16,3465588102.69764,1.2010300897559427e+19,463.47774286653,214811.61813265327,17243646983.0874,2.973433612773392e+20,218293.520753658,47652061203.02772,513290.155098627,263466783321.17255
stress-ng --cpu 1 --cpu-method factorial --timeout 10s,8.57,394450386.132648,1.555911071201951e+17,255128901.594986,6.509075642906405e+16,65770.1390800961,4325711194.615184,125.176783072147,15669.227020291348,26.4728833352727,700.8135520829591,17.5679249184153,308.63198593907725,0.794384709448904,0.6310470666062197,394599869.456143,1.5570905697480512e+17,82.3769698390458,6785.965159863062,255225329.082785,6.51399686054159e+16,62.3256716697726,3884.4893490882955,640.528965281743,410277.3553649004,168562174.152762,2.8413206555106064e+16,276533.299100358,76470665511.32805,7503.16551261662,56297492.70971942,3.77899890575984,14.280832729734069,169059574.231465,2.8581139639324228e+16,263548.174999837,69457640545.7447,3459944902.37048,1.197121872743947e+19,969.957273487976,940817.1123922282,2647.86630259704,7011195.956428919,2864601185.44585,8.205939951657769e+18,2132784218.55572,4.548768522920334e+18,254748581.966744,6.489684001406689e+16,3460057667.74117,1.1971999064094464e+19,14843998.4374802,220344289611914.62,17193394488.3018,2.956128140303667e+20,606976524.870405,3.6842050174375334e+17,2562387822.52544,6.565831353026666e+18
stress-ng --cpu 1 --cpu-method fibonacci --timeout 10s,8.44,218778684.008957,4.786411257669106e+16,109398394.190405,1.1968008651439238e+16,29883.5912297428,893029024.7863609,187.186682195722,35038.85399144223,20.2535144185519,410.2048463024898,10.0346684870631,100.69457164525726,2.28620841442502,5.226748914187763,217846722.417967,4.745719446825076e+16,75.9825135070286,5773.342358845784,108932446.423317,1.1866277883768828e+16,61.577379838767,3791.773707807789,313.694450958507,98404.20856215915,2636338495.82557,6.950280664571829e+18,26630737.0333219,709196154937942.4,5182.58928862337,26859231.734553684,4.17673550715201,17.445119496704358,2140244045.1629,4.5806445728552535e+18,21619789.2561236,467415287479197.4,3463416731.27302,1.1995255454461889e+19,908.371200266051,825138.2374727861,2515.24821426832,6326473.579379974,2867564049.12094,8.222923575810882e+18,8562348818.42588,7.331381728839907e+19,108433720.328109,1.1757871704194558e+16,3464966184.60958,1.200599066048787e+19,489.516773973089,239626.6720010203,17236461074.2785,2.9709559036511794e+20,3785066374.26886,1.4326727457620812e+19,1419813939.20038,2.0158716219477005e+18
stress-ng --cpu 1 --cpu-method fft --timeout 10s,12.83,3929111550.48592,1.543791757616187e+19,1720853481.43243,2.961336704558115e+18,78673.7476074409,6189558562.599314,275.358235261978,75822.15772659083,99.0837258581857,9817.584729940098,96.0076961467018,9217.47771939742,3.2832338636323,10.77962460330188,3921618167.01219,1.5379089047840047e+19,55608.6417592439,3092321038.3079247,1717571313.92536,2.9500512184192876e+18,298.618974365247,89173.29185095207,33294.0461204082,1108493507.0678685,2124929385.6944,4.5153248941875804e+18,995111.12996167,990246160973.5917,49073524.6697014,2408210823507791.5,0.0971696557577688,0.009441942000083291,2132531105.49975,4.5476889159239854e+18,969180.925086351,939311665551.2351,3472113082.83728,1.20555692600098e+19,1036.79263786152,1074938.973923849,3186.89502430849,10156299.895962212,3469284667.79613,1.2035936106205305e+19,16886800926.1668,2.8516404551998787e+20,1712951815.5868,2.9342039225221146e+18,3471114627.76497,1.2048636759083946e+19,495.99878715671,246014.79686092734,20773589208.0416,4.315420085844624e+20,163132670.295399,2.661226811770736e+16,81977799.0353536,6720359534680822.0
stress-ng --cpu 1 --cpu-method fletcher16 --timeout 10s,8.465,341132225.821588,1.163711954939909e+17,2054067.51459364,4219193354508.894,23854.7923956624,569051120.2401527,97.1672707643245,9441.478507787551,9.12672802228646,83.29716439278893,20.3781377886136,415.2684997317216,3.28103092977542,10.765163962142958,342243195.590788,1.1713040492819437e+17,81.8074280616434,6692.455286060961,2060271.50651594,4244718680561.461,65.1280778049731,4241.66651857063,119.240168410479,14218.217762559394,319755562.986779,1.0224362006099198e+17,595661.456693113,354812570989.7613,5363.7640578207,28769964.86796918,5.16950825492563,26.723815597744235,319679805.124528,1.021951778044562e+17,595734.500965587,354899595640.717,3470591615.03637,1.2045006158360758e+19,967.26597334406,935603.4631892317,2588.94248210022,6702623.175623247,3468000550.11527,1.2027027815599817e+19,7635720250.7416,5.830422374758536e+19,1922859.04358691,3697386901503.9663,3472815988.43937,1.206045088956012e+19,479.765393880086,230174.83316491405,19356905964.3135,3.746898085112755e+20,206664.153155309,42710072199.40102,506058.957013807,256095667973.9022
stress-ng --cpu 1 --cpu-method float --timeout 10s,9.345,1076136798.63782,1.158070409382456e+18,274540196.511454,7.537231950054778e+16,32120.1916159727,1031706709.446803,168.052049106059,28241.491208745265,36.9175521202788,1362.9056545535016,5.55587102525271,30.867702849242598,1.29133088406699,1.6675354521452337,892582873.16106,7.967041854604529e+17,76.3972738244878,5836.543447813769,227716713.519291,5.1854901616026856e+16,62.783064763485,3941.713221095952,1344.52135252806,1807737.667403884,593700859.221583,3.5248071024044595e+17,11166362.0282133,124687640945123.84,6383.64370517444,40750906.954613246,1.98816452915112,3.952798194974695,595243483.068672,3.5431480413572435e+17,11313849.8342928,128003198072927.2,3462328879.94526,1.1987721272902998e+19,955.312406219863,912621.7934775845,2440.79839893994,5957496.824267774,2866684073.15381,8.217877575273719e+18,3194892997.97839,1.0207341268531345e+19,227497983.115389,5.1755332321569816e+16,3467327540.68984,1.2022360274426253e+19,533.136282003821,284234.2951888577,17225804939.217,2.967283558039528e+20,1823921645.25824,3.326690168041525e+18,540857750.701512,2.925271064938989e+17
stress-ng --cpu 1 --cpu-method floatconversion --timeout 10s,9.385,819742147.449279,6.719771883047555e+17,409902024.321073,1.680196695425135e+17,23760.5819186563,564565253.1131766,90.0197557454146,8103.556424464105,47.2114310580582,2228.9192225497827,24.7550079291569,612.810417572621,1.78979273340206,3.2033580285388177,990888025.363987,9.818590788097413e+17,75.6492794537178,5722.8134818666895,495479540.920921,2.4549997547120666e+17,63.641845416558,4050.2844880250645,520.34560818143,270759.55195370223,495638195.359396,2.456572206991188e+17,9570.89699890532,91602069.36365487,5203.43091401554,27075693.2769326,1.98584881031946,3.9435954974472147,494359026.217913,2.4439084680312317e+17,9981.5654432516,99631648.69791451,3472405400.62596,1.2057599266296332e+19,903.748277685657,816760.9494197913,2569.88818721883,6604325.294806884,3469754700.29764,1.2039197680237564e+19,8952169571.51163,8.01413400370987e+19,471254028.065546,2.220803589680024e+17,3468644887.18374,1.2031497353385902e+19,444.043771385133,197174.87090593227,20816263179.4153,4.3331681275468114e+20,210790.6174253,44432684394.53919,621163.420297375,385843994715.53326
stress-ng --cpu 1 --cpu-method gamma --timeout 10s,8.515,49909471.0270185,2490955298196799.5,60113.6603550359,3613652161.280615,27204.3653891294,740077496.2252617,121.954482128541,14872.895711240626,45.7904755302074,2096.767649282523,33.4878067381,1121.4332001283356,0.298157380190805,0.08889782336224425,46301746.2330792,2143851704232464.0,78.5781424115785,6174.524464854311,60096.0969539065,3611540869.09333,61.6157130636031,3796.49609633627,399.828953371443,159863.19195410353,138250711.313486,1.911325917868485e+16,2687.08745812004,7220439.007586018,5906.66710830644,34888716.328349166,4.37303786015215,19.12346012632409,138725538.612798,1.924477506341091e+16,2789.30384932194,7780215.963842193,3463495829.41436,1.1995803360370665e+19,913.163094936213,833866.8379534832,2401.074354258,5765158.054675471,3460715706.16714,1.1976553198911926e+19,1497244702.38223,2.2417416988116526e+18,60083.437673636,3610019482.6817017,3466271464.57184,1.2015037866105008e+19,479.813802033875,230221.28462220257,20815870692.5988,4.3330047269099366e+20,213310.24061625,45501258751.76247,11182951370.0954,1.2505840134591858e+20
stress-ng --cpu 1 --cpu-method gcd --timeout 10s,8.43,119373.302702628,14249985398.133255,68763.2776385337,4728388351.5940695,27022.9198683459,730238198.2110436,216.144479961334,46718.43621775552,42.2491382679741,1784.9896843863933,14.2179218743975,202.14930242647094,1.98898281074827,3.956052621452089,120046.441666217,14411148156.72044,74.9313220008464,5614.703016794527,69467.912592379,4825790879.942409,60.3448238872075,3641.4977699780884,152.457099924077,23243.16731726,294728205.175546,8.686471492599874e+16,19817774.371601,392744181043685.44,5929.87907687912,35163465.86640876,0.394378116703656,0.15553409893472253,244609861.423623,5.983398430568405e+16,16379769.7090316,268296855720909.16,3461070707.1794,1.1979010440095312e+19,929.008458611161,863056.7161710853,2588.04403453429,6697971.924688525,3458467605.66425,1.196099817942901e+19,2072719973.10348,4.2961680869020913e+18,68828.7161962176,4737392173.219467,3464024707.83025,1.1999467176458447e+19,461.681449080478,213149.76042505,17245530784.7354,2.9740833204725645e+20,5274752094.4841,2.7823009658264404e+19,270985783.089386,7.343329463656774e+16
stress-ng --cpu 1 --cpu-method gray --timeout 10s,9.085,675914.83501879,456860864198.4781,320971.097943687,103022445715.1759,24729.5174521399,611549033.4156919,181.061236957027,32783.17152840868,29.2493568242833,855.524874634248,6.7435841393822,45.47592704492717,2.58152503088662,6.664271485094164,587529.418980493,345190818167.55566,77.0053060639763,5929.817162006666,280298.982135816,78567519386.3745,62.7907174857971,3942.674202381186,104.57672998027,10936.292453366303,362741383.891722,1.3158131158768165e+17,62307.7780504875,3882259205.5888114,6139.75782823239,37696626.18934092,2.6831467573681,7.19927652157495,360284975.305935,1.298052634311982e+17,46079.964836429,2123363159.3265328,3469311452.62844,1.2036121955338856e+19,927.936787687693,861066.6819441547,2349.7264030131,5521214.169016881,3466565113.42925,1.2017073685644747e+19,10843441431.1069,1.1758022206984564e+20,319864.839860584,102313515779.03705,3462462973.88432,1.1988649845519847e+19,495.85206838203,245869.27371873733,20802495625.3737,4.327438242436919e+20,210829.477908706,44449068755.25755,523275.229294503,273816965593.2147
stress-ng --cpu 1 --cpu-method hamming --timeout 10s,9.59,348588770.245632,1.2151413074136202e+17,348545098.644132,1.2148368578884771e+17,27696.6631123446,767105147.55871,206.439205827106,42617.14570252624,13.4024145758573,179.6247164631522,12.3249149213118,151.90352781757426,2.28681149530778,5.229506815071804,348186242.555081,1.2123365950462571e+17,76.304506423554,5822.377700542194,348142562.5643,1.2120324386883754e+17,59.039627301051,3485.6775918470066,594.777405402898,353760.1619778033,772605366.924052,5.969190529998491e+17,3347.12691984537,11203258.617553554,5253.89433791708,27603405.713997148,4.96867638775592,24.68774504624322,778754089.039751,6.064579311961325e+17,4266.4243261042,18202376.530373678,3472113396.81853,1.205557144036671e+19,889.065092407632,790436.7385377913,2624.86003005921,6889890.177402438,3010826014.72405,9.065073290939105e+18,17234950797.8404,2.9704352900397944e+20,307826579.065289,9.475720277903864e+16,3463981732.16909,1.1999169440801167e+19,474.626748893028,225270.55076476544,20803890359.1705,4.328018540763873e+20,206246.930285789,42537796252.31111,515487.206498789,265727060063.92514
stress-ng --cpu 1 --cpu-method hanoi --timeout 10s,10.55,2553565316.45535,6.520695825403711e+18,2552922191.18004,6.517411714219496e+18,25653.0594923755,658079461.3193568,186.943383051508,34947.828466742845,16.198301094127,262.384958335996,5.86556089648976,34.40480463042976,1.69089646849553,2.8591308671706552,2566739607.06517,6.588152210477062e+18,77.6904760219999,6035.8100645249415,2566093426.72204,6.584835474666063e+18,63.081301731444,3979.25062813348,181.984342656263,33118.30097203215,2344675730.4679,5.497504281045179e+18,71108.5031992206,5056419227.233567,5630.7758241495,31705636.381826483,4.07687053004991,16.620873318789435,2827393322.05339,7.994152997592105e+18,100179.725440803,10035977389.394672,3463928627.25232,1.1998801534698142e+19,908.810488017901,825936.5031313354,2345.86101142426,5503063.884920453,3461164677.37825,1.1979660923930886e+19,13332855080.8974,1.777650246082116e+20,3085044771.24482,9.517501240585005e+18,3469505922.97584,1.2037471349564436e+19,507.315020786865,257368.53031597723,17220925642.4237,2.965602799818861e+20,209861.338543154,44041781415.1243,3376792763.91436,1.1402729370424383e+19
stress-ng --cpu 1 --cpu-method hyperbolic --timeout 10s,9.495,844605261.026065,7.133580469529074e+17,283945125.911592,8.062483452894984e+16,56461.6676727701,3187919916.3903317,206.657504231184,42707.32405506183,58.0655822002326,3371.6118362519687,6.64722871361976,44.185649571171005,0.198639343344223,0.03945758872422411,1020506631.4147,1.0414337847613784e+18,81.2759477486867,6605.779682447252,343075563.681924,1.1770084239566987e+17,56.8528999171061,3232.252228984483,4765.12731946966,22706438.370756105,698058790.57431,4.872860750980683e+17,24443.754278519,597497123.228616,9750.32745247449,95068885.43047768,2.38296172650998,5.678506590011425,697706307.553882,4.867940916004722e+17,21976.3287972839,482959027.4063296,3471085512.39822,1.2048434634380814e+19,992.329147792825,984717.1375592343,2492.13928539147,6210758.217791506,2873934594.72012,8.2595000547291e+18,4602185895.67709,2.1180115018369135e+19,343235803.15836,1.1781081656976445e+17,3471132928.29477,1.2048763805892223e+19,413.007644968813,170575.31480268508,17191615123.9219,2.9555163056906024e+20,1213610226.14413,1.4728497810016064e+18,2292458085.19186,5.25536407236153e+18
stress-ng --cpu 1 --cpu-method idct --timeout 10s,9.505,1691692967.44858,2.8618250961149824e+18,571442396.923759,3.265464130019709e+17,45502.4931439271,2070476882.313133,208.507823148758,43475.51231423375,14.3175191515624,204.99135465535613,14.822834616452,219.71642606668775,1.69141585997464,2.860887611373751,1694546821.39435,2.871488929897695e+18,74.9603958820779,5619.060950797842,572406551.347089,3.276492600250677e+17,63.1497953776956,3987.896656244824,6939.9279549509,48162600.01990898,753287623.995632,5.674422444649847e+17,1074894.60100683,1155398403273.6326,7358.29764239823,54144544.19412335,4.56555513117889,20.84429365583389,750766560.655506,5.636504285984976e+17,1069530.84057716,1143896218945.6865,3469308611.56951,1.2036102242310361e+19,917.444826496898,841705.0096659233,2418.1719211179,5847555.440083036,2872274828.06922,8.249962687960068e+18,6403022700.61237,4.099869970455732e+19,570962028.489598,3.2599763797695654e+17,3461852154.84782,1.1984420342024493e+19,524.759042189409,275372.05235954595,17233689136.8003,2.970000412638687e+20,135364659.386753,1.8323591010891656e+16,495850.579065593,245867796759.6839
stress-ng --cpu 1 --cpu-method int128 --timeout 10s,8.525,191504930.521086,3.6674138413885976e+16,191420217.795697,3.664169978095207e+16,27349.8870392777,748016321.0612502,181.391515897785,32902.88203969639,35.8095219832266,1282.3218646671894,5.45399193268014,29.746028001740044,0.0,0.0,158460862.450958,2.5109844928701436e+16,76.6712916856159,5878.486968740794,158384422.810158,2.5085625388906904e+16,62.3982735975802,3893.544547958474,96.5648239942047,9324.765233031732,48017880.2791801,2305716826505673.5,49734.2829568195,2473498901.2289867,4151.08506231277,17231507.194556214,5.06755311938709,25.680094617809825,39857648.8320838,1588632170421711.0,41512.7384806432,1723307456.1622748,3456419798.28923,1.194683782200576e+19,874.483469567841,764721.338547409,2329.1942969498,5425146.072943473,2861638799.06576,8.188976616318525e+18,8918058927.05547,7.953177502643375e+19,158475488.541565,2.51144804684877e+16,3469029619.51743,1.2034166501089243e+19,422.331706448247,178364.07027148828,20771277753.4197,4.3144597950970816e+20,207197.690424283,42930882917.15702,515008.800912567,265234065017.4001
stress-ng --cpu 1 --cpu-method int64 --timeout 10s,8.425,2068261.86626828,4277707147459.5483,2031055.82036178,4125187745425.4634,30390.9515368894,923609935.3175601,199.195412819186,39678.812488205935,32.1967389047723,1036.6299961020784,5.86269150825866,34.371151721008204,4.07672257101329,16.61966692100921,1727958.41772671,2985840293392.595,80.9717783856083,6556.4288949280635,1690810.81603513,2858841215621.3823,61.9191981021705,3833.9870936158345,167.232614106367,27966.74722084906,103355726.781553,1.0682406258543032e+16,104464.705043418,10912874599.808321,4062.1132551371,16500764.097560529,4.76815360702381,22.73528882017417,124727401.106709,1.5556924586833874e+16,125753.775645679,15814012089.143766,3471387637.7806,1.2050532131735974e+19,914.334508738176,836007.5938694817,2464.90795650334,6075771.234033471,2874041361.64459,8.260113748443889e+18,8700813050.04079,7.570414773176012e+19,1691645.00891164,2861662836175.662,3466491313.37675,1.2016562025716466e+19,512.180738265753,262329.10865045176,17253667801.7618,2.9768905261355185e+20,212615.511276132,45205355635.211006,543177.777232263,295042097678.98193
stress-ng --cpu 1 --cpu-method int32 --timeout 10s,8.445,1910097.94142595,3648474145839.652,1743261.40324236,3038960320034.5225,24409.7302222373,595834929.522405,176.586998135548,31182.96791052403,18.7531484097456,351.6805752779439,4.86368089666505,23.655391864584548,1.39122081890331,1.9354953669499964,1600738.5386718,2562363869189.1294,77.8450111322709,6059.84575818338,1455945.6476817,2119777729003.2852,62.7520409492531,3937.8186432967377,457.498917842326,209305.2598268994,108598429.776224,1.1793618949861456e+16,109739.205417571,12042693205.679846,4827.72002217626,23306880.612521544,2.57728637955704,6.642405082250235,108536515.291555,1.1780175151633952e+16,109611.91315906,12014771506.38931,3469255094.70371,1.2035730912127648e+19,891.701315492938,795131.236051836,2487.9169900696,6189730.949476979,2872315086.08454,8.250193953748837e+18,8814561550.57952,7.769649532895483e+19,1451643.77538299,2107269650608.1807,3459761788.38842,1.1969951632392638e+19,550.944208535391,303539.5209186884,17191021854.3939,2.955312323982488e+20,206070.253451161,42464949357.425735,512266.625828814,262417095938.03812
stress-ng --cpu 1 --cpu-method int16 --timeout 10s,8.225,1153870.72793365,1331417656782.131,1010651.82472016,1021417110810.189,23920.2652882883,572179091.4620903,105.637092250379,11159.195259115082,48.9446969490451,2395.583359433865,33.728555984651,1137.615488809737,0.298498661977448,0.08910145120232676,1154947.14170383,1333902900129.847,76.5596558105986,5861.380897837324,1011683.72507557,1023503959582.7816,63.3542527464727,4013.761341063944,150.921087691638,22777.174710027088,107019619.539848,1.1453198966453816e+16,108122.289889956,11690429571.04768,4352.89165663782,18947665.774427146,4.46882250075779,19.97037454327911,106740533.923758,1.1393541582328932e+16,108036.625263599,11671912398.347317,3472764819.54224,1.2060095491850248e+19,929.08216409652,863193.667642273,2471.50594856181,6108341.653776412,2875293918.29058,8.267315116558796e+18,7432091933.42683,5.5235990506908164e+19,1010188.9346715,1020481683732.7401,3469872519.63637,1.2040015302527652e+19,432.957118569533,187451.86652003266,17223432732.0915,2.966466350768808e+20,207984.346741979,43257488489.68775,515903.768141238,266156697982.32828
stress-ng --cpu 1 --cpu-method int8 --timeout 10s,8.415,1778378.88840452,3162631470722.896,1628811.73571444,2653027670401.087,27252.835175715,742717025.1146889,127.967016837097,16375.557398185869,45.8407776739239,2101.37689775012,26.2567691549568,689.4179264566908,3.08350342312751,9.507993360439071,1781459.05140871,3173596351846.0205,79.7028530739203,6352.544788122926,1631806.60793489,2662792805699.972,61.934887817959,3835.9303290231665,139.443826969927,19444.580880018937,113336603.840819,1.2845185770170748e+16,114537.304973429,13118794230.576283,4784.06024404891,22887232.418689318,4.47049404931127,19.985317044927477,113287481.29746,1.283405341872235e+16,114434.581499718,13095273443.0156,3471943437.52976,1.2054391233405966e+19,927.223550612264,859743.5128100137,2701.27056482926,7296862.664412989,2874764388.95933,8.264270292028711e+18,7986333813.1819,6.378152777557255e+19,1628621.77443372,2652408884159.6387,3467220807.62744,1.2021620128844677e+19,518.068019427028,268394.4727530435,17239156175.4444,2.9718850564136285e+20,205286.150043047,42142403399.49641,526366.106456359,277061278026.0271
stress-ng --cpu 1 --cpu-method int128float --timeout 10s,9.915,926731621.306283,8.588314979289719e+17,543243516.073216,2.9511351775559046e+17,51114.058658905,2612646992.5859814,177.119431247741,31371.292925523252,35.6324297652558,1269.6700509758875,2.67590235884188,7.160453434055538,2.38428707259661,5.684824844551312,928610797.867663,8.623180139164177e+17,79.2589837196601,6281.986500273344,544344823.903674,2.9631128731072186e+17,81.2844806088431,6607.166787849389,30289.2910878042,917441154.6017349,1057270817.78671,1.1178215821433786e+18,108632.284022991,11800973132.051786,5139.7597121274,26417129.898407936,3.67919568606512,13.536480896360187,1056637224.28076,1.1164822237357492e+18,65140.2381329133,4243250624.012652,3468321150.4641,1.2029251602756618e+19,973.534500276121,947769.4232278767,2650.84382397971,7026972.979131373,2871550185.60542,8.245800468450523e+18,11405284505.478,1.3008051465089656e+20,545101857.709036,2.971360352778421e+17,3470340765.90651,1.2043265031512582e+19,486.428187157854,236612.38126167623,17207151802.2874,2.960860731469625e+20,208443.951481467,43448880909.20817,525976.761295788,276651553423.20636
stress-ng --cpu 1 --cpu-method int128double --timeout 10s,9.695,1566177886.59057,2.4529131724453043e+18,801628342.293398,6.426079991680613e+17,82682.1444619373,6836337012.82467,207.446186143722,43033.92014557576,18.7342263418737,350.97123662855444,6.05110630020163,36.615887456339856,2.18498336541854,4.77415230715573,1565353857.07204,2.4503326978503127e+18,84.3659487099753,7117.613301734183,801206435.228147,6.41931751850995e+17,64.5133238171232,4161.968949932994,11775.2404024324,138656286.53507635,1047944053.62133,1.098186739520305e+18,217946.011485394,47500463922.391495,11410.264981434,130194146.94653904,5.56895104090827,31.013215696033303,1046035517.89525,1.0941903046983837e+18,240899.746787381,58032688002.22429,3468274572.46312,1.2028928509994238e+19,1086.65349161753,1180815.8108445695,2473.17454182056,6116592.314309337,2871539380.58608,8.245738414256688e+18,10271777863.5276,1.0550942047765561e+20,801245552.24939,6.4199443499943e+17,3460423282.60579,1.1974529294800232e+19,499.323757483867,249324.2147878076,17230268119.3251,2.968821394638309e+20,135332556.805378,1.831490093148086e+16,527812.626926524,278586169143.078
stress-ng --cpu 1 --cpu-method int128longdouble --timeout 10s,9.595,1228407268.6894,1.5089844177689516e+18,537103579.309843,2.8848025490744474e+17,78442.8831266953,6153285913.228379,221.02795038581,48853.35485175208,31.7093219703043,1005.4810998164229,8.94757413911104,80.05908297488868,3.9781178592287,15.825421701914333,1226987474.94997,1.5054982636841032e+18,240.883605214936,58024.91126134515,536482623.151431,2.8781360494344035e+17,113.748055567462,12938.620145378423,97589.4991556415,9523710345.448954,1083213192.26981,1.1733508199073523e+18,9481550.5662126,89899801139646.48,21986.4872452748,483405621.3866314,6.26412580537556,39.239272105572006,1081848366.94626,1.1703958890642895e+18,9666996.06004508,93450812824927.11,3468697265.63259,1.2031860720607005e+19,1000.54501681606,1001090.3306754497,2529.24537058566,6397082.144628993,2871947864.45327,8.248084536137698e+18,7056338868.69229,4.979191822981759e+19,536782897.157822,2.8813587868114493e+17,3465017432.51606,1.2006345807640187e+19,535.893860552592,287182.22977796086,17170934047.5146,2.9484097606409614e+20,1885441392.26425,3.5548892436633533e+18,1212430542.70088,1.4699878208739505e+18
stress-ng --cpu 1 --cpu-method int64float --timeout 10s,9.525,969184299.068068,9.393182055600623e+17,521856986.38298,2.7233471423672576e+17,38054.6820025514,1448158822.3153095,199.202339976345,39681.57225205134,13.2171635957662,174.6934135172473,12.9291107609364,167.16190506856142,1.79053764744504,3.2060250669180186,848091185.805268,7.192586594405857e+17,81.4648383489051,6636.51988721324,456654967.080503,2.0853375895929526e+17,59.8290333417332,3579.513230606223,408.42829201059,166813.66971468777,1073260900.02059,1.1518889595130067e+18,34896.2633914028,1217749198.6821592,6541.0107220385,42784821.26582262,5.86997950579205,34.45665939841868,1076371438.46866,1.1585754735510925e+18,34784.8404212716,1209985123.1333303,3464269379.93341,1.2001162336744215e+19,935.352044002844,874883.4462202982,2620.0358863405,6864588.045712049,2866822141.17869,8.218669189152369e+18,7351039146.32605,5.4037776530818015e+19,455667191.637185,2.0763258953451907e+17,3460366980.58128,1.1974139640297206e+19,468.386590798131,219385.99843949583,17222290731.5721,2.9660729804279434e+20,211596.192885119,44772948843.47649,542272.68879764,294059669015.82214
stress-ng --cpu 1 --cpu-method int64double --timeout 10s,9.57,1882638572.69285,3.544327995390972e+18,938368660.583777,8.805357431657916e+17,71035.3975241332,5046027701.411629,100.912758829978,10183.384894677303,28.7041454093846,823.9279636830951,23.3552788978128,545.4690523946198,0.795231949777746,0.6323938539473156,1562822832.95725,2.442415207212525e+18,97.9122912004744,9586.816768126497,778963620.81335,6.067843225506445e+17,66.2577995623195,4390.096002840507,8131.8707563578,66127321.99810718,1074530321.0836,1.1546154109280246e+18,138881.60282031,19288099601.938343,11287.7632699235,127413599.63783407,3.27537270597338,10.728066363035383,1070557268.80575,1.1460928657928269e+18,312681.911811044,97769977973.80948,3469454687.56243,1.2037115829048918e+19,928.637976255985,862368.4909448114,2599.43302620098,6757052.0577043835,2872384309.07335,8.250591619010786e+18,8671918410.09923,7.520216891141795e+19,778325802.888391,6.057910554418586e+17,3468565377.17028,1.2030945775704406e+19,471.751230548907,222549.223524408,20755776622.2907,4.308022631944291e+20,244364581.379765,5.971404863290779e+16,524671.89492787,275280597327.2019
stress-ng --cpu 1 --cpu-method int64longdouble --timeout 10s,9.55,1229472903.07022,1.5116036193839145e+18,535099882.819456,2.8633188459339552e+17,73264.4639190815,5367681673.350396,194.297917969601,37751.6809273218,54.4624223969506,2966.1554533438666,5.36467314771265,28.77971798178915,1.69017492817728,2.8566912878390736,1233195466.8865,1.5207710595494124e+18,257.73092547327,66425.22994530827,536719613.52992,2.8806794354770666e+17,109.481593062217,11986.219219440882,15291.1120120943,233818106.5664146,1088363821.42927,1.184535807796124e+18,9673063.49062587,93568157293679.12,16349.6957988951,267312552.71640807,-0.301494200123373,-0.301494200123373,1229759474.05891,1.5123083640376466e+18,10880461.0816382,118384433349043.52,3466845681.12519,1.201901897673638e+19,1019.36985976222,1039114.9109916481,2518.55149313185,6343101.62355667,2870321378.67984,8.238744816906538e+18,6921252154.98271,4.79037313928528e+19,536709921.489268,2.8805753982501622e+17,3469523732.70568,1.2037594931807955e+19,525.906614996837,276577.7676974313,17174783002.5805,2.9497317118572803e+20,1818519122.20636,3.3070117978301906e+18,1280056856.38645,1.6385455555819607e+18
stress-ng --cpu 1 --cpu-method int32float --timeout 10s,9.505,1033505656.32944,1.0681339416649466e+18,556490658.844916,3.0968185338164864e+17,38628.4144665533,1492154404.1998243,92.0649313245611,8475.951579796152,43.8537931123537,1923.1551703411208,30.1373476696503,908.2597245613764,0.397887412711415,0.15831439319418386,1031374735.87201,1.0637338457950584e+18,84.3537128489484,7115.548871402843,555342868.097005,3.084057011462075e+17,65.0350431586503,4229.556838647507,2613.65226875457,6831178.18196591,1303894221.69608,1.7001401413724262e+18,44602.0898297664,1989346417.1825516,6083.45971777083,37008482.13774035,-0.101200258607932,-0.101200258607932,1309767450.86771,1.7154907753524995e+18,55085.7265162455,3034437265.8225927,3465021136.73182,1.2006371477998275e+19,1061.45759799974,1126692.2323513778,2628.56405062857,6909348.968256875,2975098309.72676,8.851209952539023e+18,7133310342.04858,5.088411643597723e+19,460492467.767345,2.120533128704593e+17,3468610318.93869,1.2031257544647963e+19,491.854474597001,241920.8241810919,17198307852.9153,2.95781793003648e+20,209735.26516103,43988881452.167564,528933.678815235,279770836585.0182
stress-ng --cpu 1 --cpu-method int32double --timeout 10s,9.54,1560299174.62811,2.434533514345161e+18,777705722.215415,6.048261903666002e+17,84242.3128246389,7096767270.044319,118.084353760935,13943.914603137644,35.4856245539451,1259.2295499835514,20.5822142139317,423.6275419481721,0.994472306012942,0.9889751674266986,1562370281.77856,2.4410008973848166e+18,117.970860768923,13917.123990560616,778738281.228532,6.064333106507681e+17,71.3290676312424,5087.835889142351,27249.4161227697,742530679.0318613,1068404500.49437,1.1414881766766243e+18,337009.876066386,113575656566.28085,12671.1120050373,160557079.44420037,3.87463328214828,15.012783071131153,1071910407.42058,1.1489919215365539e+18,278943.61319435,77809539341.91914,3462726090.78531,1.1990471979805313e+19,1014.44313153874,1029094.8671261253,2449.92582484308,6002136.547233047,3459984610.77484,1.1971493506798721e+19,10311811554.5984,1.0633345753754907e+20,939422152.941716,8.825139814376488e+17,3463760120.67711,1.1997634173593108e+19,499.716350647487,249716.43110444216,17188555643.4682,2.9544644510860254e+20,135013376.98117,1.8228611963859524e+16,510656.153344093,260769706948.18582
stress-ng --cpu 1 --cpu-method int32longdouble --timeout 10s,9.66,1451645843.58625,2.1072756552012357e+18,631792752.40298,3.991620819889332e+17,83766.3443236826,7016800441.353752,220.28714839526,48526.427748115304,20.6250625890264,425.3932068012563,9.92585998766996,98.52269649482749,3.67513583670051,13.506623418200356,1488516562.66557,2.215681557329724e+18,208.985965765156,43675.13388679496,647839409.875687,4.196959009880784e+17,86.0654027695478,7407.253553884487,50055.6238810551,2505565482.1216536,1089232090.41541,1.186426546790724e+18,9444380.3655643,89196320489456.45,23093.029718048,533288021.55864817,4.56774258694132,20.864272340557385,1093273420.42347,1.1952467718044334e+18,9469052.05802608,89662946877607.92,3463018731.45673,1.1992498734420179e+19,980.140574600831,960675.5459788471,2671.70265771261,7137995.091228623,3460460856.27424,1.1974789337806246e+19,6900393571.4069,4.761543144031368e+19,536114045.039663,2.8741826928878982e+17,3467873266.78442,1.2026144994478045e+19,527.468508467986,278223.02742544183,17176258259.3164,2.9502384779073487e+20,1886026349.29016,3.5570953902167685e+18,1280171449.42988,1.6388389399353997e+18
stress-ng --cpu 1 --cpu-method intconversion --timeout 10s,7.605,117557.311604669,13819721511.717243,79866.3296605381,6378630613.445748,29089.1355803758,846177808.8134854,210.94897522911,44499.470150211666,8.13594901330833,66.1936663471528,9.94042324777048,98.81201434481584,2.8837605992617,8.316075193854198,117902.308120425,13900954260.123636,85.316905669603,7278.974393035937,80256.5458446014,6441113150.906606,62.9940529672139,3968.2507092361498,309.722716718132,95928.16125126024,76871965.852453,5909299134020699.0,3809.44112436633,14511841.680013407,4958.52686814795,24586988.70214512,-0.200505368857571,-0.200505368857571,88990387.3086418,7919289033342077.0,3977.42218659008,15819887.250379013,3461726375.71068,1.1983549500291e+19,1014.09427538588,1028387.199370413,2531.30161749345,6407487.878724957,3458823775.41473,1.1963461909374208e+19,4386435516.43727,1.9240816539862303e+19,80500.5380459326,6480336625.684642,3472911018.552,1.206111094277989e+19,482.720852138988,233019.4210897907,18169140128.5674,3.3011765301151826e+20,208521.621418484,43481266598.99356,517906.283550268,268226918540.8506
stress-ng --cpu 1 --cpu-method ipv4checksum --timeout 10s,9.61,1338707565.85622,1.7921379468806856e+18,177503531.275827,3.1507503615388492e+16,27325.2715515188,746670465.3642426,117.398614281615,13782.434635243417,12.9793354343388,168.46314831708278,21.3507684689544,455.85531421489736,3.37745562798368,11.407206518998635,1614471295.33174,2.6065175634501463e+18,85.8001250624632,7361.6614607343245,214059635.957754,4.582152774636616e+16,63.944282999894,4088.871328370533,416.616702403648,173569.4767216898,1843209329.70832,3.397420633123794e+18,41568421.1163947,1727933634109928.8,4578.6911487343,20964412.635497827,-0.898099230673373,-0.898099230673373,1851661683.99948,3.42865099199179e+18,40211572.9733285,1616970600989323.2,3471990431.34657,1.2054717555362142e+19,928.743205394861,862563.941567121,2511.14343920693,6305841.372272008,3326593488.17478,1.106622423556685e+19,15945679184.7134,2.542646846618022e+20,212336543.530788,4.508680771860223e+16,3466375729.18228,1.2015760695863984e+19,498.245810748803,248248.88792873203,17231931930.6304,2.969394780618796e+20,2973253046.29739,8.840233677316709e+18,608615541.972034,3.7041287792991264e+17
stress-ng --cpu 1 --cpu-method jmp --timeout 10s,8.64,1432777607.90408,2.0528516737113375e+18,2863634665.97212,8.200403500157255e+18,27240.8566326787,742064270.0821551,167.054901887631,27907.340244686016,44.4204222046244,1973.1739088370884,13.0200711829689,169.52225360957718,1.988428648639,3.9538484907283196,1435551420.27082,2.0608078802415683e+18,77.7291980860381,6041.828235098548,2869179277.03465,8.232189723765076e+18,55.4195430916482,3071.325756487052,499.190979742315,249191.63425609234,2266610687.73477,5.137524009753486e+18,121488.862914075,14759543812.154907,4552.90254569709,20728921.590615045,-1.29515582915849,-1.29515582915849,2275206969.29445,5.176566753126035e+18,121848.614314148,14847084810.277992,3464632810.26247,1.2003680509947218e+19,962.634743536379,926665.6494633502,2554.50500484627,6525495.819784641,2868530951.0768,8.22846981728557e+18,12538822608.9289,1.5722207241818653e+20,2865979475.10338,8.213838351713846e+18,3462690207.76686,1.19902234749645e+19,496.200764830076,246215.1990179524,17221984359.9398,2.965967452940111e+20,206730.470785815,42737487551.324715,505009.273882275,255034366707.10263
stress-ng --cpu 1 --cpu-method lfsr32 --timeout 10s,7.52,521731.89135743,272204166459.40115,355829.412532004,126614570822.8711,26799.2393964614,718199232.2288487,70.5629412028777,4979.128671200775,54.9854746214585,3023.402419347057,21.1817215228264,448.66532667056714,0.0,0.0,522010.784927253,272495259580.36676,77.9300603897491,6073.094312349942,356025.124301607,126753889133.97473,64.6316436968704,4177.249366959207,123.745659214266,15312.988174373255,88205549.9940674,7780219049755924.0,45097.1337262261,2033751470.3211195,4524.64021778319,20472369.10038111,4.56856110701836,20.871750588560825,88344481.3383273,7804747382938061.0,45025.0492776509,2027255062.4548917,3463588997.42927,1.1996448743113095e+19,929.576344534637,864112.1803183781,2650.02169926338,7022615.006566772,2867614894.4554,8.223215182902455e+18,4400122815.2237,1.9361080789052133e+19,356412.520233253,127029884579.019,3468443474.43361,1.2030100135341093e+19,488.714954437003,238842.3066903619,17199454946.5609,2.958212504587783e+20,207203.173983144,42933155308.68904,514222.353425687,264424628762.65216
stress-ng --cpu 1 --cpu-method ln2 --timeout 10s,8.47,635833634.343703,4.0428441056272186e+17,635295711.399813,4.0360064092299456e+17,27055.4605089791,731997943.3529277,75.565292147426,5710.1133773258425,39.8803752162387,1590.4443273879856,32.727157962453,1071.0668682993507,0.397926879120089,0.15834580112625393,637015366.011165,4.0578857653433856e+17,75.6860479308255,5728.377851387214,636476640.07359,4.051025133593663e+17,60.2176693679042,3626.167704102228,150.925709036443,22778.569648153054,159995500.043859,2.559856003428449e+16,102449.553381683,10495910988.106314,5459.37373114805,29804761.536349382,-0.400609368907877,-0.400609368907877,159624127.869175,2.547986219799473e+16,102306.418911619,10466603350.519672,3469822818.18775,1.2039670389616378e+19,1000.48068647861,1000961.6040167107,2484.50075484842,6172744.000842369,2872798242.87299,8.252969744254139e+18,3814096400.24042,1.454733135032693e+19,635679838.672954,4.0408885729527277e+17,3464882154.14503,1.2005408342112705e+19,484.105971063506,234358.5912193401,17235478612.1149,2.970617229886701e+20,211560.889100479,44758009796.98517,549832.502268956,302315780551.34155
stress-ng --cpu 1 --cpu-method logmap --timeout 10s,7.465,325881.734024467,106198904570.79346,191629.738836104,36721956806.393425,27151.0711251982,737180663.2455714,191.100593363001,36519.43678369106,36.6625093213115,1344.1395897352525,8.54542961447162,73.0243672958886,2.58480547740701,6.6812193560332815,326141.840252551,106368499963.32051,81.2948536280377,6608.853226404074,191953.489163463,36846142002.02771,58.7536979142754,3451.9970186019295,114.839196562425,13188.041067103286,39925859.0467548,1594074220621332.0,21699.6434448298,470874525.63274485,5803.89747284154,33685225.87525641,2.48252562863278,6.162933496818579,39993221.0870257,1599457732915717.2,21481.4092769185,461450944.52248025,3466099680.56523,1.2013846995614388e+19,979.490069997132,959400.7972229865,2530.81922008453,6405045.924749269,2869597795.81252,8.234591509732073e+18,1947869370.33306,3.7941950838817116e+18,191534.295684686,36685386423.42872,3465389821.20353,1.2008926612901032e+19,503.878330226081,253893.37167142355,17246610050.7546,2.974455582427896e+20,207811.400383746,43185578129.45358,508765.932554719,258842774128.27286
stress-ng --cpu 1 --cpu-method longdouble --timeout 10s,9.585,1317187964.13664,1.7349841328664266e+18,561834662.032542,3.156581874612207e+17,63182.6598260424,3992048502.6933923,312.067353732201,97386.03326541868,41.0640604798417,1686.257063092097,10.4408405627771,109.01115165733161,1.39249392606615,1.9390393341311203,1317954050.73013,1.737002879835958e+18,236.902388317525,56122.74159054741,562162388.952134,3.160265515523704e+17,97.9279534467311,9589.884066265133,1261.88089828458,1592343.4014554988,1013374377.08882,1.0269276281401539e+18,2542155.41663075,6462554162305.0625,23403.4524463719,547721586.4095908,4.16649493545274,17.359680047153333,1015086775.47255,1.0304011617392593e+18,2561993.05968756,6563808437887.226,3458640284.62002,1.1962192618396453e+19,967.85916238285,936751.3582084319,2760.36426938423,7619610.899693133,2863388374.34865,8.198992982355004e+18,6479775906.25898,4.198749579533438e+19,562083327.947937,3.159376675570281e+17,3467818903.6495,1.202576794850882e+19,509.911384611173,260009.62015608358,17197141768.6813,2.95741685012123e+20,876831343.89251,7.688332056323452e+17,405114255.078105,1.641175596674879e+17
stress-ng --cpu 1 --cpu-method loop --timeout 10s,8.425,1882856810.01516,3.5451497670204646e+18,941552323.035706,8.865207770139346e+17,24614.2336294584,605860497.1655607,188.104681347836,35383.371144970915,13.0349582163871,169.91013570295758,7.06610175537749,49.92979401734885,3.58320517804249,12.839359347950513,1562749292.9112,2.442185352494456e+18,81.4253291737764,6630.084231057843,781479018.990958,6.107094571230701e+17,62.4867570273342,3904.5948037931,141.284928907744,19961.43113646627,392223784.574712,1.5383949718611008e+17,25970.7094242071,674477747.9965994,4053.71862186269,16432634.665236345,4.27683993625872,18.291359840377492,391947164.213269,1.5362257953482326e+17,26044.4269519304,678312175.2544386,3462730279.30791,1.1990500987235836e+19,1081.72280814636,1170124.2336640467,2500.57338612278,6252867.259385546,2865617070.00331,8.211761191894356e+18,3924069544.0273,1.5398321786362622e+19,784807942.451509,6.15923506534971e+17,3469199697.88475,1.203534654380364e+19,447.02346133586,199829.97498469314,17197521310.8179,2.957547392360359e+20,208924.094581498,43649277296.69872,528808.027431008,279637929875.47375
stress-ng --cpu 1 --cpu-method matrixprod --timeout 10s,11.23,1864933136.36394,3.477975603108242e+18,35922962.8071716,1290459256845434.0,28754.1906323407,826803478.9209895,1288.25620994688,1659604.0624666999,141.576249145751,20043.834322179762,1761.65692842404,3103435.133464423,14.1107898702833,199.1143907632898,1776420528.45298,3.155669893909165e+18,90.0623538412581,8111.227579427978,34221195.9931941,1171090255204604.2,199.982139179133,39992.855990662116,285.576941131036,81554.1893057592,935198413.954859,8.745960734636838e+17,7244413.94936218,52481533469713.34,919508225.277957,8.454953763538181e+17,3.67469010592977,13.503347374618142,926656567.236221,8.586923936020169e+17,7178360.55473092,51528860253716.805,3470008515.12576,1.2040959095045282e+19,1091.50666105274,1191386.7911225008,10004.1789621342,100083596.70640852,3466935613.62407,1.2019642549014909e+19,7322279957.79747,5.361578378036252e+19,34191274.5808501,1169043257463086.2,3461299345.38647,1.1980593158372805e+19,474.818776990633,225452.87098288047,19799346747.6318,3.92014131632958e+20,543667157.8011,2.955739784715262e+17,776878110.613876,6.035395987509857e+17
stress-ng --cpu 1 --cpu-method nsqrt --timeout 10s,8.475,6870189.14514951,47199498890130.16,6343938.75988701,40245558989196.734,27234.4549115481,741715534.3291464,227.572622962637,51789.29872209454,36.7963051871653,1353.9680754270082,4.8722557333273,23.738875930940747,1.29325895233836,1.6725187178033125,6887611.19460384,47439187968032.13,79.2463761485655,6279.988132679931,6360189.4501381,40452009841647.99,64.0512314504241,4102.560250315797,150.446064815429,22634.018418448264,974025540.746815,9.487257540271252e+17,17536.9880708744,307545950.59799093,5451.33136082785,29717013.605545223,4.07862898229137,16.63521437518714,977970232.796813,9.564257762366527e+17,20611.4492952014,424831842.0486583,3460487615.40408,1.1974974536365015e+19,910.772447276912,829506.4507187754,2593.81534120492,6727878.024269996,3457823244.47784,1.1956541590051256e+19,6324153058.2571,3.9994911904262636e+19,7668473.56482143,58805486814365.086,3470925047.01741,1.204732068201281e+19,529.878592627501,280771.32292490115,17206568973.2208,2.960660158302046e+20,209631.431461909,43945337056.76905,536650.483011398,287993740916.36676
stress-ng --cpu 1 --cpu-method omega --timeout 10s,8.47,136334920.971402,1.8587210676278424e+16,64687217.4310316,4184436098969558.5,25668.110549161,658851899.1639502,174.880495990045,30583.187877724147,40.3857110069967,1631.0056535406545,8.05726837151678,64.91957361064468,0.0,0.0,164200081.118554,2.696166663933971e+16,84.271015698589,7101.604086871833,77906511.0834077,6069424469189127.0,56.760944343248,3221.804802737297,371.250600020116,137827.00801529616,145160960.976651,2.10717045916648e+16,68223.6588749762,4654467630.289119,5844.01351201523,34152493.92861658,3.37977353425768,11.422869142868649,144913177.371421,2.099982897588093e+16,68889.2380494518,4745727119.034038,3467892671.98159,1.202627958438361e+19,1012.99071830798,1026150.1953781174,2468.40046045,6093000.833149772,2871256424.41179,8.244113454725976e+18,1058803269.24034,1.1210643629540319e+18,72068024.3842965,5193800138655556.0,3458854278.31557,1.1963672918621921e+19,492.505108965347,242561.28235696832,17216785319.0167,2.96417696721109e+20,675303555.69783,4.5603489233813216e+17,1215681774.64198,1.4778821771966738e+18
stress-ng --cpu 1 --cpu-method parity --timeout 10s,8.56,479704.015520427,230115942506.4221,281202.047948604,79074591770.48897,24909.5582759913,620486093.5050068,217.948102826874,47501.37552583364,14.5928298537417,212.950683140255,5.56312935113583,30.94840817746896,3.67844913045701,13.530988005359934,474038.63469936,224712627187.63327,78.1876327473261,6113.305914630741,277906.061135616,77231778815.91272,58.936461594926,3473.5065053301873,92.8620585943824,8623.361926386511,1885852225.70937,3.5564386172129843e+18,7302377.20988596,53324712915461.87,3970.70776181662,15766520.129750751,-0.103592771955024,-0.103592771955024,1839897378.14432,3.3852223621023427e+18,6596841.1109728,43518312643420.85,3458837775.60954,1.1963558757983551e+19,958.626320709563,918964.4227571539,2526.64560976201,6383938.037329638,2863531307.11733,8.199811546841085e+18,8688210627.00072,7.548500389912823e+19,288495.048569662,83229393049.21162,3465070957.999,1.2006716743968109e+19,501.784051660733,251787.23450106115,17203675534.0343,2.959664518803304e+20,1025223818.08552,1.0510838771698515e+18,4452732570.81478,1.9826827347194802e+19
stress-ng --cpu 1 --cpu-method phi --timeout 10s,9.47,306651807.028694,9.403533075396336e+16,178881777.866312,3.1998690452612588e+16,27186.502778632,739105933.3325654,207.89025066364,43218.356320991064,18.9780458525481,360.16622438141815,4.07411087892052,16.598379453738527,4.17686469485654,17.44619867913902,306354183.349466,9.385288565571824e+16,81.1554159451375,6586.2015372282785,178707931.581023,3.19365248099676e+16,62.2073557807922,3869.7551132380604,591.708054234954,350118.4214465153,3506387670.04257,1.2294754492626563e+19,2933.14586044113,8603344.638622938,3995.45617312614,15963670.03137178,5.1694106169954,26.72280612710476,3499829905.20134,1.2248809365341622e+19,4447.64092192313,19781509.77036523,3464053716.12401,1.1999668148192563e+19,915.466541570786,838078.9887355757,2627.471156389,6903604.6776561495,2987244404.69622,8.923629133388874e+18,15684087925.2041,2.4599061404553304e+20,182120662.352871,3.3167935655848444e+16,3460268840.54998,1.1973460448881105e+19,477.987708398409,228472.24937996245,17215175943.9887,2.963622827824873e+20,216101.067446897,46699671351.68833,515327.311854026,265562238342.69656
stress-ng --cpu 1 --cpu-method pi --timeout 10s,8.63,463708539.831891,2.1502560991302445e+17,310208266.73346,9.622916874977747e+16,37181.2231206518,1382443352.7476919,189.955734509797,36083.181073156484,29.9296861901049,895.7861154381559,5.66764677569207,32.122219974012715,1.39266628735333,1.939519387930508,463969084.924755,2.152673117659145e+17,80.3683684992561,6459.074655232222,310382512.617955,9.6337304139035e+16,61.4175550574651,3772.116069236757,391.249636278638,153076.2778881665,158377491.117598,2.508342969270483e+16,3931.21696948654,15454466.861178936,7315.84437914374,53521578.979849055,-0.500100093348731,-0.500100093348731,158244709.435259,2.504138806424955e+16,3352.64965469158,11240259.70710357,3462073474.65487,1.1985952743908846e+19,978.212066700049,956898.8474375812,2645.72626630864,6999867.476235456,2866511367.86239,8.21688742208431e+18,2553912608.45765,6.522469611638959e+18,311036461.332885,9.674368027848328e+16,3471312439.89446,1.2050010055366031e+19,14497087.439432,210165544226537.1,17195084936.2811,2.956709459659213e+20,809301138.979937,6.549683335542232e+17,2697478340.90009,7.276389399625103e+18
stress-ng --cpu 1 --cpu-method prime --timeout 10s,8.455,100098.161511794,10019641938.041197,60339.385552224,3640841448.819938,23722.0133942712,562733919.4779822,174.332390663114,30391.782434316603,41.6166715857105,1731.9473538728837,7.54818880175657,56.97515418696329,0.198772985666635,0.039510699830828284,100346.431200491,10069406254.674873,75.1205128331012,5643.091448308122,60588.9293231192,3671018356.5219336,64.5140225787363,4162.0591092896975,117.053417180777,13701.50247369702,763783524.269276,5.833652719451958e+17,14123052.6455368,199460616028604.03,4321.18572677949,18672646.085322794,-0.39961096506652,-0.39961096506652,915846145.133368,8.387741615556502e+17,18248268.6484891,332999308667430.2,3470265277.1761,1.2042741093974112e+19,968.46531674402,937925.069736095,2317.13906687509,5369133.455238763,2873261089.57957,8.255629288891977e+18,3964352749.57798,1.571609272308649e+19,59791.6121345358,3575036881.6467686,3458996651.49418,1.196465783504795e+19,496.586692634196,246598.3433013695,17234712049.9377,2.970352994442677e+20,2568244157.98316,6.59587805501463e+18,541153582.945251,2.928472003344826e+17
stress-ng --cpu 1 --cpu-method psi --timeout 10s,8.515,54024483.4054205,2918644807222554.5,29472779.118999,868644708997303.5,31713.334112558,1005735560.534735,187.834157771745,35281.670825820795,17.5766594837678,308.93895860832447,7.15421412130309,51.182779693452545,3.38033118662605,11.42663893127668,53956462.6580971,2911299862574627.0,77.2698216216118,5970.625333435706,29435664.6604871,866458354004649.1,63.8614008406024,4078.2785173240927,489.592901683274,239701.20937864803,951573133.415685,9.054914282385452e+17,4906576.77758657,24074495674351.81,5196.07610688114,26999206.908501063,-0.20113858662376,-0.20113858662376,949044473.639094,9.00685412944905e+17,4893542.76914452,23946760833446.617,3470467173.8573,1.2044142404821074e+19,903.451923794596,816225.3786081566,2376.52695475639,5647880.36668368,2873389023.24666,8.256364478914396e+18,7397873222.53906,5.472852821676045e+19,29449409.1048072,867267696622301.4,3466630928.73134,1.2017529996036712e+19,497.928618813123,247932.90943314438,17199318539.0053,2.9581655820617135e+20,1416470393.29313,2.006388375075994e+18,472594392.984524,2.2334546028041072e+17
stress-ng --cpu 1 --cpu-method queens --timeout 10s,10.09,1054401114.49343,1.1117617102449873e+18,1054360878.10153,1.1116768612710292e+18,26928.2255413311,725129330.8047966,218.545596997175,47762.17796685163,9.82087882676759,96.44966093005195,6.35850381638445,40.43057078297561,3.18137302296494,10.121134311249081,1050829070.54786,1.1042417355084794e+18,83.672487475716,7001.08516037385,1050788790.25608,1.1041570817278362e+18,64.2498331417232,4128.041058739273,270.52926441246,73186.0829035467,663401363.473472,4.401013690584617e+17,87081327.5229665,7583157603162164.0,3967.1976906608,15738657.516784387,3.28059165624201,10.762281615004694,663312761.928166,4.3998382013677184e+17,86910831.5458152,7553492639985066.0,3472962751.95392,1.2061470276459344e+19,953.2495968826,908684.7939568395,2363.447902507,5585885.987864737,3470242654.27879,1.2042584079575902e+19,6053375195.35433,3.6643351255731073e+19,1048921329.489,1.1002359554569713e+18,3456208856.54569,1.1945379660064866e+19,494.836721900808,244863.3813415376,19276515834.3306,3.715840627111984e+20,9675307512.34053,9.36115754583531e+19,1285544565.38917,1.6526248296016297e+18
stress-ng --cpu 1 --cpu-method rand --timeout 10s,8.005,402976.803264035,162390303968.9008,334917.236666363,112169555416.23262,28723.7985403339,825056602.5856879,202.915074936291,41174.52763640059,20.7537684721919,430.71890579734657,7.84884241206012,61.60432720935372,3.77755624150584,14.269931157739727,403168.338536961,162544709198.6536,78.669423192499,6188.878145440499,335043.359507163,112254052749.84607,61.9084233796356,3832.652885352212,2821.43810599316,7960512.985950271,77039151.1169269,5935030804816698.0,61013.472634393,3722643842.9078236,5280.11373949337,27879601.10198666,3.87560364919249,15.020303645634144,63925294.1930683,4086443237670332.0,33087.480262741,1094781350.1372755,3462362213.03396,1.1987952094245421e+19,890.990486994182,793864.0479141296,2597.21407353981,6745520.943793255,2866719701.24231,8.2180818454908e+18,6234840976.11007,3.887324199738117e+19,334839.669553501,112117604306.69775,3470679939.22368,1.2045619240529687e+19,475.894948611756,226476.00211418586,17193855939.8233,2.9562868207939695e+20,209566.596241398,43918158260.205124,527797.690819669,278570402434.57495
stress-ng --cpu 1 --cpu-method rand48 --timeout 10s,10.855,3927856889.269,1.5428059742577947e+19,2100996749.08852,4.41418733968053e+18,39434.185444797,1555054981.69464,131.360308968316,17255.530772251437,21.3739482299089,456.84566293482584,29.640697970317,878.5709761675542,1.69105828033892,2.8596781075028255,3922708269.72705,1.5387640169384985e+19,89.9714706832014,8094.86553689817,2098242690.19337,4.402622386949911e+18,64.1393847349126,4113.860674173139,10879.982793662,118374025.59038119,2320463272.18064,5.384549797539284e+18,17428.6710361007,303758574.0846154,5451.41339214439,29717907.972051203,4.67278154586549,21.83488737538108,1922000599.46816,3.694086304355966e+18,14952.5044269615,223577388.63830322,3461696826.42341,1.1983344918069907e+19,969.799789944108,940511.6325756361,2436.5524909999,5936788.041397817,2865887914.04213,8.213313535852751e+18,12342140926.9171,1.523284426598821e+20,2087289193.93166,4.3567761791038787e+18,3458724278.98505,1.1962773638040656e+19,494.663358319473,244691.83806389934,19076279569.9538,3.639044422310368e+20,208671.853346335,43543942378.99435,524111071.417328,2.746924151822195e+17
stress-ng --cpu 1 --cpu-method rgb --timeout 10s,7.745,1519720.09419605,2309549164703.251,68438444.8825291,4683820737938973.0,26616.4413074914,708434947.8751346,214.761554090485,46122.52511536031,21.0273524572397,442.1495513609845,6.35133764455465,40.339489875137005,1.88749175084537,3.56262510950932,1521394.07111569,2314639919625.973,78.3292372062229,6135.469401308734,68497590.0866592,4691919847679992.0,59.1627828660008,3500.234876449558,592.981193795361,351626.6961949715,9079003.28271899,82428300607622.2,3578.20096756459,12803522.164280169,4545.58263084396,20662321.453830298,1.88656056276124,3.5591107569660068,9075644.37828251,82367320881050.92,3489.91454144041,12179503.506557228,3470206698.28288,1.2042334528807367e+19,983.58606553406,967441.5483127722,2513.98654235501,6320128.335142098,3467485848.54715,1.202345810987475e+19,2400643760.72431,5.763090465904558e+18,82447741.626073,6797630099239691.0,3461193511.49294,1.1979860524000827e+19,480.213641555983,230605.1415364581,17241285447.0943,2.9726192386818566e+20,208659.393894879,43538742660.57827,517797.614213314,268114369284.99997
stress-ng --cpu 1 --cpu-method sieve --timeout 10s,8.935,1492408018.16358,2.2272816926789443e+18,982903920.618466,9.661001171671517e+17,30215.9645485121,913004513.59694,202.603381274266,41048.1301037656,20.1967699589956,407.9095167765871,6.06958818418816,36.839900725636525,3.18465674646619,10.14203859281262,1234005631.98967,1.522769899782225e+18,75.1961456716566,5654.460323872999,812718455.62814,6.605112881185889e+17,66.6835135672258,4446.690981670387,119.223132918681,14214.155422945478,867159977.695891,7.519664269175382e+17,378300.320983769,143111132856.42267,14951.4061835072,223544546.86421737,1.78642422137093,3.191311498700734,868939597.108185,7.550560234225349e+17,374943.589430957,140582695255.37003,3454650455.94805,1.193460977278207e+19,912.244503640623,832190.0344225265,2476.1681213826,6131408.565351435,2860143040.5209,8.180418212240137e+18,11223965584.0304,1.2597740343149886e+20,813420689.027431,6.616532173378606e+17,3469458879.35835,1.2037144915558496e+19,498.831289622592,248832.65550653829,18880261669.8185,3.5646428072081765e+20,74242408.3637644,5511935199651955.0,74566587.9624948,5560176040368475.0
stress-ng --cpu 1 --cpu-method stats --timeout 10s,9.555,2107593406.33256,4.441949966416484e+18,1610674378.82102,2.5942719545904783e+18,45221.7251104552,2045004421.9655743,583.557770929268,340539.6720119361,16.3996812876638,268.94954633695016,7.85569370011814,61.711923510075835,1.98944461260426,3.957889866620114,2108313255.16685,4.4449847819122396e+18,83.2187195295238,6925.355280133545,1611224672.73286,2.596044946023112e+18,61.7590923753042,3814.1854910213574,113.593097423209,12903.391782198652,1418996157.27043,2.013550094348247e+18,1601863.44606608,2565966499842.697,18519.1909912966,342960434.9721212,2.28180724563922,5.206644306251644,1413312455.55116,1.99745209701605e+18,1595842.58294984,2546713549556.017,3464743687.1493,1.2004448817640927e+19,970.763947302182,942382.6413817137,3106.02803328556,9647410.143555764,2868566376.91444,8.228673058764038e+18,11283919578.5347,1.2732684105483873e+20,1611676110.06394,2.597499883750833e+18,3462806764.91603,1.199103069114822e+19,485.263830183457,235480.98488431898,20771220562.5597,4.314436036585029e+20,163103499.648433,2.6602751597566384e+16,81954614.124455,6716558776288320.0
stress-ng --cpu 1 --cpu-method sqrt --timeout 10s,8.71,818473747.521552,6.698992753819732e+17,818374182.216335,6.697363021182552e+17,28232.1264894768,797052966.1178175,193.390260018761,37399.79267012399,14.568592663345,212.24389219046972,4.66212977005475,21.735453992830756,2.38407559749501,5.683816454571189,820502055.090626,6.732236224079406e+17,81.4649314568332,6636.535057266531,820402430.101544,6.730601473165188e+17,62.513069698096,3907.883883079008,232.846174101338,54217.3407936306,1228143851.01208,1.508337318778782e+18,14910.2358197123,222315132.19943172,4348.01097627966,18905199.449848402,3.97327672833789,15.786927959951445,1230171011.98236,1.5133207187217034e+18,14856.1194629777,220704285.49826482,3471263419.31304,1.2049669726260857e+19,1077.58143798469,1161181.7554891522,2454.26879461934,6023435.316242268,2874077090.55046,8.260319122426997e+18,7788638268.43551,6.066288607653809e+19,819930481.491477,6.722859944788453e+17,3466665519.57172,1.2017769824587465e+19,528.930457678744,279767.42906024563,17229616131.6409,2.968596720437003e+20,213956.709177135,45777473401.90912,511252.341854509,261378957051.71976
stress-ng --cpu 1 --cpu-method trig --timeout 10s,8.685,808140492.283359,6.530910552679899e+17,321478983.266083,1.0334873668179448e+17,67478.1735388613,4553303904.140681,180.921440968897,32732.56780226208,18.7909788032064,353.10088438255224,8.05592848931505,64.89798382495788,2.288128669743,5.235532809299872,667235689.80643,4.4520346575146246e+17,82.7613076985135,6849.434051968031,265430114.12023,7.045314548187831e+16,56.2528967808078,3164.388396232217,14192.0168750242,201413342.98097163,286677404.752085,8.218393439539075e+16,236034.227576705,55712156587.73176,9777.46121660556,95598747.84222586,2.18059076374775,4.754976078941995,286409546.67919,8.20304284289791e+16,223181.240822401,49809866255.02656,3466487191.16556,1.2016533446514893e+19,928.404385743393,861934.703467567,2562.08474000589,6564278.21497105,2870097866.6694,8.237461764260242e+18,3073255383.70783,9.44489865348916e+18,320800636.945825,1.02913048664847e+17,3464114045.9211,1.2000086123147854e+19,476.36099746688,226919.79990764087,17233880747.4989,2.970066456190133e+20,608403871.571199,3.7015527094282406e+17,4190259953.37253,1.7558278476837556e+19
stress-ng --cpu 1 --cpu-method union --timeout 10s,7.68,338831050.177334,1.1480648056427504e+17,211788197.680053,4.485424067656521e+16,29363.1514029081,862194660.310104,204.611773532128,41865.97786796284,15.5971744502314,243.27185083095117,8.84782458216623,78.283999836785,2.78461271076266,7.754067948940969,339227297.037901,1.150751590556403e+17,77.7606583754759,6046.71999098747,212035933.67153,4.495923716795747e+16,60.2755029324222,3633.1362537564373,230.783232929146,53260.900601228466,25760974.0364245,663627783305337.1,27629.2556895231,763375769.9570446,4248.71605052028,18051588.07794865,4.37128454467591,19.108128570522478,21400970.89637,458001555307275.8,23194.4231870096,537981266.9780886,3461323269.33522,1.1980758774841455e+19,978.063916219433,956609.0242104941,2583.02543438723,6672020.394691337,2865765249.17923,8.212610463403296e+18,2667422065.29545,7.115140474425045e+18,211866866.498566,4.488756911992119e+16,3469125289.06883,1.2034830271256893e+19,20285.7761208181,411512712.82395387,17176132138.5721,2.9501951524168938e+20,210152.299961201,44163989178.982605,607879.44112757,369517414945.56683
stress-ng --cpu 1 --cpu-method zeta --timeout 10s,10.57,1853918030.86008,3.4370120651481165e+18,693172089.233806,4.8048754529275955e+17,50832.6243584837,2583955699.17071,173.317776419997,30039.051623172065,20.3447003380606,413.90683184548317,11.9198239900696,142.08220395423876,3.77633953525664,14.260740285542337,1854431720.0925,3.438917004485228e+18,98.1251054162148,9628.536312943266,693363812.688011,4.807533767452553e+17,69.3099922338527,4803.8750234567215,78.0096931797191,6085.512229993911,1531931888.28698,2.346815310350512e+18,19892.6001856928,395715542.1478253,8470.86370498124,71755531.90836851,3.96789849412161,15.744218459652542,1533996452.87699,2.3531451174391875e+18,19673.2958559433,387038569.8354758,3458280326.77098,1.1959702818531195e+19,1053.5291121747,1109923.5901996116,3242.25154176189,10512195.060057353,2863254516.96932,8.198226428945213e+18,8461729887.71577,7.160087269266234e+19,692937251.525626,4.801620345518886e+17,3467722137.29471,1.2025096821483792e+19,476.68768698767,227231.15092565486,20740027503.7734,4.3014874085727705e+20,209365.625817633,43833965274.00912,569792388.687203,3.246633662058687e+17
