"command","watt","L1-dcache-loads","L1-dcache-stores","L1-icache-load-misses","LLC-loads","LLC-load-misses","LLC-stores","LLC-store-misses","dTLB-loads","dTLB-load-misses","dTLB-stores","dTLB-store-misses","iTLB-load-misses","branch-loads","branch-load-misses","L1-dcache-load-misses","node-loads","branch-instructions","branch-misses","bus-cycles","cache-misses","cache-references","cpu-cycles","instructions","mem-stores","ref-cycles","mem-loads-aux","slots","topdown-br-mispredict","topdown-fetch-lat","cstate_core/c1-residency/","cstate_core/c6-residency/","cstate_core/c7-residency/","msr/aperf/","msr/mperf/","msr/pperf/","msr/tsc/","uncore_clock/clockticks/","unc_m_clockticks","unc_mc0_wrcas_count_freerun","unc_m_dram_page_hit_wr","unc_m_vc0_requests_wr","unc_m_dram_page_empty_wr","unc_m_cas_count_wr","unc_m_act_count_wr","unc_m_prefetch_rd","unc_m_dram_page_miss_wr","unc_m_pre_count_idle","unc_m_act_count_total","unc_m_pre_count_page_miss","unc_m_act_count_rd","unc_m_dram_page_miss_rd","unc_m_cas_count_rd","unc_m_dram_page_empty_rd","unc_m_vc0_requests_rd","unc_mc0_rdcas_count_freerun","unc_m_dram_page_hit_rd"
"sleep 10s",2.125,42997.7833871232,23133.9098243643,7078.83734453906,389.942431792216,28.7629818243876,155.260386318493,54.6397128774698,41575.009771487,43.1263636759119,22369.4356808116,36.9512261518784,23.8184507179998,33879.9024587468,953.734616616141,932.706612007363,5.773433531641,34653.2430184412,988.15301152759,478491.680595544,1361.36887244182,4024.55295341031,144998.631775665,168777.863665457,22923.7323628805,553428.124922135,532.703555747675,845273.243954311,99443.8407419227,255239.310767195,45936970.7734405,27904585074.6458,20753966679.2321,143983.118051662,558798.20384374,138696.712081087,563296.576160531,37369963.4538202,177728131.709414,38563.4191274028,26881.4778697734,68986.7006639704,40060.3326320265,68985.5028516899,30281.2933565409,89779.6565590643,5669.29263767955,106735.921936336,193894.420392688,53340.0408374674,170285.923696888,15285.4026290778,719127.558462299,194854.066905562,657417.628556318,329297.643810401,449078.66241632
"sum_up_benchmark",14.505,2416194338.60392,997787670.540781,13294615.0542158,2749966.0423747,36767.5641835203,2785127.74198149,1143402.33807352,2175275696.69778,195397.703633442,898260525.129496,699998.853801579,120603.776177908,2912149785.28631,19175234.0155346,10777306.232892,8161.40988025355,2909604087.90677,19073026.8217992,3645725221.03348,6728517.43140718,39024225.9813226,3596593272.78525,11664606808.4586,1010938238.2496,3654629705.67055,1572746.24030229,21736259632.609,2597484944.57444,2067675490.84563,12951400270.5294,28062502860.874,9399855670.6487,3640427818.08849,3660220378.5069,3611637325.8325,3662830835.27556,2886425895.719,2390791162.75018,3227801.45432446,1786185.59694337,6601932.39670266,4209697.29450985,6601940.47706749,2567687.25591559,1420005.90468806,410047.813237384,3085609.02640792,4769430.73995423,1269762.82006022,1838346.05405234,265843.906546307,7529135.18868376,2441407.79671979,6799485.98726927,3525083.02592872,4380747.02578156
"stress-ng --cpu 2 --cpu-method all --timeout 10s",16.39,2006964895.92934,905662613.625026,20222416.7897671,56288.9953385556,1720.1462720157,203219.348135788,24716.5231050183,2013098946.16777,1409.84136570534,908533121.006863,9503.5849246845,54147.5898077425,1675288241.95058,24449330.9424256,105042441.585306,333.759859690966,1674619071.91125,24508400.6654624,6953243404.33375,56550.6387563183,1171046.65673834,6931662082.69493,15248513772.5695,909034187.888221,6951969256.27257,5534490.68081217,41579594089.9891,3748237487.14799,2610633965.81339,3527259248.30901,27893525904.2613,13800561015.1339,6935020494.56226,6951994109.85377,6929491808.97502,6956002311.72268,2887136447.25796,2389444709.36587,25706.0540041197,16662.2786126699,49735.8183156391,30192.136079255,49737.0136966273,15386.4460046773,48255.1086808486,3098.86057199772,32403.6969446088,50397.0648490824,16928.4789915426,42389.5486085591,4074.68315088299,137444.613408316,36027.0239584661,94366.3956680119,48504.1120107059,58594.3802154357
"stress-ng --cpu 2 --cpu-method ackermann --timeout 10s",16.12,2955466427.8174,2952477525.40726,364378.438793631,42165.5177523316,1240.2909713866,37884.6096621236,25139.4341322139,2961830080.91462,373.769927646936,2958802604.77332,8234.57520480914,256.000752721716,7796388128.88702,14103089.0261251,143784.503579175,294.415118557511,7821004465.62295,13767837.1001645,6955867002.37058,49915.0713100739,137858.665806259,5758186669.82809,29032107526.8423,2953125927.51177,6950583218.55491,43437.9802208522,41698067607.7667,1226234183.68914,1392637751.489,92334051.6633657,27927658236.2491,13840503993.2573,5757388811.27471,6950507948.48563,5754702145.11213,6958232250.40688,2886567223.73876,2388942126.15331,28654.9205644053,18246.1431531097,44587.1967261687,27025.1345004878,44589.4861229471,14645.9679640106,44967.7679722096,3368.4220860312,37621.0803475997,57027.678545813,10841.3106591205,26128.3142880424,2461.42281564681,100857.608731002,35756.5566596566,96808.6600174611,49489.6199559463,60913.1742936736
"stress-ng --cpu 2 --cpu-method apery --timeout 10s",14.09,930143483.06411,926967560.444658,398859.320125924,40448.0010911308,2379.04296786814,39098.0824128614,19001.8533784492,928232523.72606,383.26237635212,925171235.253811,8216.0134341992,179.153250292012,1850882027.70661,32943.4309825648,83454.7111672253,316.362649269339,1847836706.99352,33712.4507203952,6956684244.20646,47696.3875385329,133721.326657977,5759010558.48837,17546147084.9305,925997418.212157,6952177795.41208,42528.145998217,38133778522.7157,751346.193771344,3975155.91497674,132814012.425759,27881408569.4208,10361323060.1673,5756441684.61022,6948502031.71697,5754426415.70121,6958312590.95476,2887680643.032,2390821702.13701,24055.4032476562,16035.4077663824,47222.7443800585,28560.0137125909,47223.242547058,14269.6947994066,43068.1285022009,2688.37054302589,22382.5304536876,37446.0934059601,9068.4379901734,23957.9472321412,2184.67005785723,88871.3099768426,42075.4901341606,110937.324595583,56616.8676824686,68479.9296332839
"stress-ng --cpu 2 --cpu-method bitops --timeout 10s",13.04,6876750.14991627,3847548.98798307,353475.087720509,39596.3485799008,1507.01496899988,36489.2672525624,24319.7162663375,6985347.03410469,332.072136348177,3909995.05510876,8220.65011033361,194.270510572909,4238985257.10941,247896.723695024,112378.98155904,330.863074480027,4243200528.42086,212637.053797899,6950883679.7694,46832.9130678387,137930.409311396,5752767142.2821,30230490705.3633,3860750.85312177,6952231990.8912,43249.9549162833,34526925470.9861,836802.654225292,3720512.66649604,3496897637.7153,27955860749.3088,10356034619.5657,5760171291.7388,6954063254.94962,5757777363.59165,6955562056.83041,2885484424.32538,2388690866.41011,22970.4286212921,15748.0712854134,45335.264973778,28103.7737042967,45337.1559959062,15965.0040809954,42475.9359138812,3118.42919473361,32085.9860129378,49619.0700465176,11947.4590080614,30421.8379521264,2682.4282241109,103156.891796069,29102.5495779024,79757.4495965203,40807.000237191,50467.712400626
"stress-ng --cpu 2 --cpu-method callfunc --timeout 10s",15.08,2794469258.75007,1884500102.49721,371992.616100562,43378.2960636857,1748.83156965521,37251.672382275,24615.4924094058,2793490210.184,346.036012578621,1883828978.11899,8227.00619905671,234.39482273572,7086830074.86267,8381290.7662017,89392.2012657341,454.595733021929,5879420373.97243,6951179.57554189,6955448832.77875,46767.5094793803,137462.517849186,5758987990.59879,18795433906.6208,2077792165.1097,6953446674.26319,40878.0162406128,34496904878.0428,946855607.924224,409156979.282855,95044015.5308175,27899809493.1181,10388636747.5623,5759099430.80714,6952591290.13805,5756459391.67018,6949881110.23727,2885233370.48097,2390435125.3459,24034.2107615061,16769.8723766188,46170.0112898946,26744.9231620088,46169.4139961342,13925.5058286866,40821.5829364434,2921.54739533031,26873.2160592425,41116.3074265151,10719.4550600536,23884.1123813406,2368.28529661466,86469.8125042461,31376.7609728257,85265.7589974824,43470.751925043,53683.0038289019
"stress-ng --cpu 2 --cpu-method cdouble --timeout 10s",18.31,5992157430.8472,2635222626.41277,706212.416846999,40727.4652129845,1656.93455227879,36055.1026388829,23599.7107755659,5438379803.70711,381.084091724183,2391796984.49823,8238.75563123433,1647.59725210381,3776230680.53919,16122379.7337265,148604.411312868,301.737166867715,3778305536.96199,16216379.1660359,6953858270.44642,48928.8060542536,142189.047991001,6069302923.80115,22253948030.752,2387912297.37741,6952904387.53385,41869.6458276655,36050137302.9514,3390873367.07811,500924203.718593,3515642823.78674,27946074916.9963,11438252906.5515,5756034767.86813,6949194273.86781,5754804172.91263,6957545634.5214,2886888478.29663,2390347652.4713,21749.7158200416,14155.2536242486,47079.8267094154,27745.7101450941,47073.4527810568,12908.8980009356,47501.3000667424,2890.64446735995,24300.3238184477,39921.2417798798,10405.4890983284,25488.2885771726,2289.89689157481,91483.0193761529,39295.538700795,106440.362014704,54116.0661810552,66079.6617098635
"stress-ng --cpu 2 --cpu-method cfloat --timeout 10s",15.11,1844445346.38694,1012114238.71058,516305.217459619,38867.52842452,1691.50408899832,36736.1060766804,22660.0136251059,2033237934.64239,377.496879443299,1115696661.05089,8243.78818713693,16209.3124247598,1268234887.84233,6601087.73858602,87530.605133826,316.630835875461,1395911048.46493,7253577.5294456,6954616724.63481,52074.520268944,151597.716741753,5757583733.03668,7663954857.29351,1010029905.78702,6948069827.58811,95356073.4073413,34563381355.3976,1761219759.80316,2712165544.38935,3482244717.54829,27877085086.1466,11295080441.8165,5756182774.09822,6949165811.68168,5753707888.25911,6950213518.13043,2884854532.46565,2389591922.30014,22568.0923189996,15159.8308714712,47223.8072931085,28135.0257031233,47227.8920958997,13809.5226850293,44421.4102454768,2860.55713389004,26903.4611535145,42165.576363897,10722.1804678975,26769.436598416,2205.60607088299,94259.1492606238,31368.9806783932,85006.1848413148,43399.8485494841,53682.6322354367
"stress-ng --cpu 2 --cpu-method clongdouble --timeout 10s",15.745,2127615119.00431,1006722159.68052,723674.734862591,40382.0438774512,1803.19478304246,39036.4295195981,21668.9421241878,2335929437.46532,423.103398670242,1105276937.6321,8240.9251352462,413.711450519352,1642210891.25974,4429457.90656185,188437.812349446,246.869947320207,1649734935.18896,4394475.85707573,6955439032.43201,48350.6648827044,141248.19628584,6948655231.01663,11928244527.5152,1211071891.36498,6953260670.87164,41683.2396839134,38050518495.7489,1491829025.60172,4029342655.73703,70504919.2053668,27936502827.5495,10357508671.2194,5758057542.00657,6951847935.05111,5756482769.9234,6957683361.89981,2888054664.48168,2390312110.29863,23029.491944269,16099.0215003685,48206.8943249831,29325.9867569076,48206.9938322538,15124.8066216838,47055.4394592865,2798.4918317234,25519.3929300937,40092.6260457446,9929.65363165848,22539.6703451761,2356.8709857727,86229.0691112799,31460.0450401027,84768.9623104099,43369.1173398515,53334.9165665986
"stress-ng --cpu 2 --cpu-method collatz --timeout 10s",15.11,32495512.1287752,18722637.3718026,342435.717451018,38748.4360393011,1401.66549659187,41741.2966707477,19735.7043543362,32439014.406068,367.837768746342,18700210.1345913,8230.97883180142,452.65266067074,3809070810.40502,892232.752251268,93299.5142937374,230.293156354035,3482327257.15239,766881.878495687,6953890854.33232,48804.8781822023,139140.983988893,5757028171.2918,15435381469.0612,18753699.8103568,6957789350.12752,43410.5746327555,38097791000.0461,149985523.548645,5310283766.66529,68754885.571142,27896426005.0985,12735183093.4656,6357656229.958,6956017328.15588,6355186469.17987,6959462095.89672,2888187978.02071,2390495124.26215,23002.6109152203,15264.8267253881,42507.6970099528,26741.1706220606,42531.801345549,14629.5388224729,45766.8698823473,2950.24161883066,27180.5865857954,41640.8318534476,9953.13871354982,24131.377142944,2252.31763436612,87821.1678037958,42129.8614032299,104867.179269517,53860.6443164334,62452.4547436499
"stress-ng --cpu 2 --cpu-method correlate --timeout 10s",15.155,3079080269.26233,10763399.8096563,367156.703652165,43846.5608967284,2110.99602859834,39158.1963936222,21148.1126121933,2819552772.92385,401.475095162519,10139272.9208594,8261.31722324637,182.170865766325,1424593304.78367,3201076.15765477,45017595.8094753,348.47952182317,1573304555.78753,3535478.30265796,6947514358.0043,47858.1232744028,153168.157820403,5751747419.75879,17337824220.7983,10809674.4133196,6955242060.08246,42699.4196426235,41660071948.155,653837127.575355,166946129.322759,3532217708.87316,27838013390.4721,10420252792.7248,6348173912.17846,6946097933.53119,6345426541.57373,6952468706.90136,2887477918.66141,2388741892.04249,22493.4277667491,14098.3718909484,45329.9743063933,27919.2136034444,45334.3528698989,15613.6589223444,48721.3116462351,2897.31336712321,23955.2152692333,38397.2479046807,12585.8705864972,30662.701609075,2545.22306715705,106060.888494242,31017.6538232608,84776.598374756,43246.7149067126,53396.9452121635
"stress-ng --cpu 2 --cpu-method crc16 --timeout 10s",13.17,191015758.379638,4912536.32076102,360234.517028467,40808.1130740804,1729.61288804281,37741.371408282,21094.8782526786,190834251.681551,352.470935991954,4930147.57910869,8223.75889299603,209.80434697963,189854272.158316,360829.800823134,92876.6691225713,238.184926565457,189902120.461791,362566.049150061,6952579069.28694,46390.0355495735,142238.331636296,6858699126.97187,12134569901.8857,4986418.25684919,6950441302.55409,42458.6141434871,41488518397.4848,861772.266620819,3722186.50689782,3538804302.73937,27939756751.1352,10364767323.58,6910447906.68875,6952106764.89386,6907769359.73026,6955487203.18051,2886807394.57865,2390177885.10407,23871.5365244557,15950.3388358088,48273.6963919965,28770.7581215044,48275.1903663094,14380.8971378135,45381.2370507169,2872.74926361893,24927.5170918693,40732.664332797,9437.04760318939,22385.1938497236,2291.28734146194,81301.2539877582,30098.3907106869,79932.91165298,40843.1544154981,49913.3331463964
"stress-ng --cpu 2 --cpu-method dither --timeout 10s",18.44,3640901594.39032,3163334229.16781,357067.245311762,62302.2111178029,1438.52893045998,44055.7432627019,24994.241474901,3641625269.24317,368.947146238995,3163841249.77215,8663.14941574436,218.962556285385,3498885638.70669,774050.427797738,13415315.7999584,330.689018236026,3496243695.23967,752654.763640773,6958852806.8804,52442.4689115751,254828.297568494,6902431092.5719,23762060168.6916,3160623648.56891,6950175686.08151,43690.9535663858,41354187760.2346,858430.143257192,3831424.98241772,3489939830.25481,27910348266.8467,10385670929.5808,6892229839.93552,6952999089.30961,6889675970.29455,6952829747.72873,2887727472.81586,2390612480.39722,23079.3648035927,14990.5417430652,47077.602289788,28827.5964380611,47079.8926521786,14464.9330489237,47711.5948986464,2978.0580844691,29013.7498171198,45096.1800440537,11212.5784099751,25919.3008221633,2561.78788553836,90549.1111902535,32766.4835829886,88232.7697149273,45093.1659298892,55277.0646762283
"stress-ng --cpu 2 --cpu-method div8 --timeout 10s",11.935,6926787.96465187,3909718.26583978,481797.414517109,39759.5918612866,1235.27798308712,40465.3799085182,20978.1847833321,6868537.34625734,380.202151388404,3879037.83277763,8219.59895408178,202.407116269956,1063954328.87417,4763331.980092,112140.991154341,309.099129833135,1065110750.13761,4770874.42626107,6958341307.19896,48413.1618316878,133639.67557739,5758004292.12075,6760489664.94741,3865060.81495126,6950125221.35506,42123.7099083024,34542399142.4577,271510425.098123,409683192.795743,88031312.1974984,27851534655.6747,10365981870.812,5755970343.95168,6948877065.4891,5753997491.80286,6952215229.80262,2886979680.65475,2390214200.10593,22548.9832415262,14747.013527174,47937.6556280869,27900.1732984423,47937.8548979588,13343.6087942243,38869.6388762132,2694.27457362965,24099.9788184063,39128.6788409495,12382.0860717096,33536.7966812738,3474.75559646648,115497.986624043,34667.3505580042,91746.146068432,47117.8212303836,57000.2920426155
"stress-ng --cpu 2 --cpu-method div16 --timeout 10s",13.87,6678536.89794245,3805813.38398214,463534.700981551,41755.6779515931,1352.24482021894,37443.9811295822,25074.8772855962,6772513.00518594,373.935784121571,3847076.39537276,8236.72586045139,1518.09495894376,945698182.531265,4229104.36345144,79100.0047893916,302.959186491624,967300908.417304,4316156.98685648,6957275457.41247,46207.8671759365,139137.903973426,5759494171.66693,6697260694.72268,3887814.08711083,6948076049.97432,41025.122420756,41649473879.8744,164028529.100331,11838090389.3833,72942550.0647645,27923470618.6081,10405436250.3799,6352913105.94286,6951022464.57609,6351746862.04476,6953133832.16485,2885568752.34452,2391054057.1331,24409.8528789521,16515.5835069277,45726.8699268329,28746.8063621512,45728.2650352269,16798.0019192635,41442.1558950394,2940.94897340979,23425.4589126941,38488.2661090605,11857.5303031397,26721.4798582625,2481.3592514131,100692.781441125,45580.3196419484,118296.584939063,61343.7737701707,73085.0511664806
"stress-ng --cpu 2 --cpu-method div32 --timeout 10s",12.1,6995214.58889434,3941669.40525327,361486.486826185,41214.0645669595,1346.13805699633,38682.2229650057,21740.2191375775,6914967.09818487,350.472046985928,3893957.60855798,8232.96122630263,400.828840899582,1002410797.05383,4463860.45132595,91203.32031355,318.552476385757,1065856084.29138,4747766.1597686,6957522124.82373,45627.4076198362,141430.603872089,6820977979.69009,6763066997.56534,3875123.19858348,6950758958.12498,42509.4088150287,34529452955.8794,271396231.956797,138986977.162261,108967709.390766,27897260827.1491,13673574170.3851,5757551259.34534,6951138139.52061,5755163758.32867,6957726377.25995,2885862939.14205,2390206547.15738,25914.7980916106,16164.2391414376,45222.475091475,27703.0084716523,45223.2722688089,13089.1535867066,41492.3971588613,2860.15998224193,23598.3873790013,37853.4526296345,10310.5627088788,25503.6345022572,2196.52148866514,93171.1783442295,31185.9473838738,83338.8943216565,42778.6127047221,52542.0788921951
"stress-ng --cpu 2 --cpu-method div64 --timeout 10s",11.875,6816396.96088226,3829056.21344077,367414.906483348,40510.0628999223,2353.04932115906,38290.0868274935,20720.6386352609,6830675.68514052,344.750837432714,3845589.12439155,8228.39131107787,231.737595339773,640785498.188619,2850418.13421173,110563.576828375,324.730813722225,641515862.51865,2853198.9380085,6954566357.74219,49121.9591727449,134034.667510178,6353292644.38713,4913712186.21071,3865276.80949113,6954895206.05111,42470.9407820083,34814667106.4799,137110628.780158,161496026.533351,90898445.3781628,27895172424.9523,13525513890.8317,5758581891.50506,6951816459.37521,5756083410.41778,6954943284.91105,2886768381.4241,2391129885.85649,22479.427001796,15094.8284648653,46835.2585483935,28434.1167869348,46836.1549989502,16125.9502484391,40900.0471050483,3035.22697347692,26310.6138606797,41986.4762439495,11547.4040144497,29545.2667351454,3000.62343851338,99971.7986972415,35089.9275658206,98307.6985107954,49720.7261328989,63002.9649218585
"stress-ng --cpu 2 --cpu-method div128 --timeout 10s",15.815,2063185404.17716,662217662.218728,370308.831388541,41476.5080593408,1795.47378668732,37543.6222793446,20714.2984750786,2260097471.20856,396.330216266864,725276161.302015,8240.48592195917,163.558429258026,3348905042.92151,34758824.4397583,91254.5603473605,343.815154833339,3267030172.45561,33979384.1567449,6955139577.36754,49203.3537065326,136330.641295,6352624546.90748,24152511216.2633,717893794.640313,6954832101.96499,43150.1097678886,38072160302.9738,8287625191.84576,980207932.287422,85669085.4542058,27879664063.0474,13857442210.5696,6628140266.63973,6953590004.18844,6626582908.35707,6952729700.46986,2885905879.87209,2391225920.80838,24638.9376134814,17705.1574370652,46385.0481331019,27996.0496679083,46391.4242079842,15749.5027162672,46942.0650293985,3548.17324407214,33618.2839756953,53435.8915327004,9370.15379994684,24083.5953929191,2337.8814149129,89148.8005881699,31586.3540961252,85768.7360604702,44016.5248676051,54321.816279042
"stress-ng --cpu 2 --cpu-method double --timeout 10s",16.21,4140519182.93549,1340147035.35293,621238.415281343,40036.7344765784,2395.58179595151,41699.8527832063,19694.3567038488,3751002339.42004,398.597790833101,1214201998.9603,8243.91680312569,1430.50954751269,1619538683.61012,19549256.8842023,160477.640975048,328.082429138696,1468524030.46187,17789864.3891174,6954515383.95683,50242.9710669676,147413.072774,6353159544.30715,13057332134.3979,1213886422.30642,6950725482.07172,40230.0463484111,38066772220.8098,4475690868.59931,451170826.189328,3545050525.4429,27894918709.6112,13838862933.6652,6353466717.81171,6951754066.64591,6351528182.32775,6955946153.11164,2886882286.10837,2390303447.28799,23020.7011098555,14198.0792309976,44863.1280392188,27404.1915694675,44863.2276571355,14724.0261836002,38342.5113479393,2774.86432950316,25700.6880389594,42011.8184671671,10415.9256361227,25580.6278671664,2199.39142157713,89894.9935063485,44150.1289974289,116543.755208929,59392.2243149161,72498.039137472
"stress-ng --cpu 2 --cpu-method euler --timeout 10s",15.185,1628972873.24651,1372518678.55069,361616.279587437,38106.8676230915,1582.39396216621,37004.1256401537,21775.5234501967,1631281140.54267,402.700019335022,1374463036.07255,8241.27727887329,383.09563349319,2490227974.71798,19555.7743271064,116731.715279664,390.265191217494,2486564860.78977,21085.158263539,6956532433.1675,46419.7657138675,138720.404302876,5759756151.52946,15352937028.1127,1242832710.37535,6952045196.9943,40957.7332430943,38106064874.8114,846059.397536156,3769998.8674982,154128899.624767,27850497109.2012,10272378221.1108,5758426322.95063,6952044173.93145,5755825293.25149,6954180307.10992,2888085550.67979,2390258730.2034,22920.0254271469,14806.9421608582,48273.3345107735,29423.5142693039,48275.7257348646,16846.6718934874,40571.4179003175,2914.6974595878,25141.3810791086,39139.2559475328,13199.3172986508,29637.4228448637,2583.20060431636,100909.592138757,35200.4088639895,96457.1209688599,49036.4480284797,61435.4125862248
"stress-ng --cpu 2 --cpu-method explog --timeout 10s",12.98,2489930095.97904,515056130.893512,519349.176020058,41500.6903382764,2183.82319742443,37691.9436777764,20523.4660628938,2256998536.87495,367.305477170758,467089441.770319,8223.80457508444,591.340429861529,1452709513.30126,17667.4386533007,132745.189320587,365.12657037691,1467371567.03398,16772.548029365,6955033777.40608,49373.3350735466,137721.280586059,5757826063.81545,9290277355.06568,514457667.730761,6950899282.82311,42638.4308108435,34511190149.1101,729266.678362251,3658965.65859203,3556528275.25048,27877551885.3121,10383375135.1625,5754989561.57354,6947745358.73009,5752930795.2279,6957059131.07954,2886954204.2842,2390894806.65583,23424.9347438969,15561.8447678516,46167.4431819058,27758.8036378866,46168.9364684778,13509.8631686118,43664.3213720849,2924.67016872722,27502.3206413448,46148.2386852988,10178.8206013381,26505.6802967094,2507.60611562138,99599.885486921,30164.8950480835,83060.4257392553,42516.4765406245,52849.2085249162
"stress-ng --cpu 2 --cpu-method factorial --timeout 10s",14.63,795527064.135485,513983348.33074,509538.692308228,40186.4558770457,1058.60847035558,40317.800085681,21662.6470613112,877459197.095936,389.091308426395,566977361.864127,8232.15412641537,1488.62040806808,345049346.587863,537141.677102407,88684.0439285699,324.870824787356,342703958.674087,533843.013290793,6949108592.98579,46167.6562741308,145485.089845434,5752368211.33721,4738711244.07903,566752248.672339,6949910892.06059,32893675.1598544,38110646365.1871,1344727946.97797,5678526197.31836,170671710.627756,27907403931.1002,13788799373.14,5780755594.53352,6951644449.87703,5777973248.48636,6956897846.79764,2886071089.87012,2391146231.75731,24794.9920214946,17616.4534022689,43326.624588178,27002.2336642,43371.9443875007,15041.3923853475,46724.8771622736,3082.33939035491,34281.4584125255,53239.3037752579,10318.9059302424,25085.1166622919,2421.51281532821,95865.0880678043,31285.3118849276,83623.589768843,42675.8786839749,52289.1720264883
"stress-ng --cpu 2 --cpu-method fibonacci --timeout 10s",13.43,447216768.546998,224020738.361771,358705.989232347,43289.680153794,2515.89049283392,37535.4517736731,24416.1769134831,447713359.602799,328.18542643491,224265299.986212,8221.53706120415,539.663079668743,4388148891.43362,44291721.9137061,84523.9221974671,301.89240629545,4716933318.3711,47611408.62462,6955727814.87706,46661.1198629687,138191.339841352,6353462277.03309,17432101448.3828,224092831.748034,6954977307.97253,43419.3520501654,38114815955.6854,8731021435.38687,2244017400.45582,115839561.575853,27922469397.7434,13834154923.3254,5756294638.54167,6949514745.34502,5754409133.14023,6948289805.08451,2887887633.11348,2389816641.53571,22872.6356758447,14908.293705763,43787.6577737646,28044.7992731936,43790.5463716546,15379.3932005483,44341.9894321986,2828.52281208944,22406.0331277517,36891.2269946386,9417.97375415353,22331.5901650394,2056.22522854976,84227.6353271801,41081.6074549702,106481.84027846,54520.6879610426,65609.0221121925
"stress-ng --cpu 2 --cpu-method fft --timeout 10s",21.91,7849788823.71507,3438821856.0086,627637.164648734,51977.078026053,1507.10171215734,39937.2516330444,22583.1805566362,7844388550.52873,104370.013368122,3436463233.52651,8785.48341071079,3163.00190155197,4245709620.28226,1980382.63435607,86770472.8513043,334.399295422973,4269098635.22226,2036872.47261998,6958402724.31865,46372.298590774,152059.688544994,6951087644.44986,33930950841.5034,3443046145.98902,6953902252.96952,42542.0767100463,41614196481.5278,326975554.531227,166731126.424392,84323508.504226,27935684244.1853,13829903500.1299,6947015130.13634,6949208140.89225,6944633700.53286,6955871422.15509,2884831920.09274,2388687541.01293,34730.0565130429,20034.0632178386,44845.0386488077,27780.212835868,44847.5265954198,15606.0929552865,49427.1770087637,3295.71573445744,31970.3833295617,48582.1242441169,11287.7252546921,25745.1418137366,2584.9387668791,91069.0594960367,35292.1609849659,91913.8412301393,47182.9898390326,56989.1522726399
"stress-ng --cpu 2 --cpu-method fletcher16 --timeout 10s",13.75,643151539.689939,7520737.44818565,355149.508127574,39778.447188624,2049.59797624519,35551.0892204462,23361.8773110738,642687564.722638,363.294065840992,7515100.44993414,8227.71154527826,708.258390275258,691662185.395154,1288770.78765097,87085.3599000633,198.320841720913,668248184.719263,1246078.30802107,6957099603.65884,45568.6585322651,143295.626577638,6950030561.28639,16179206709.6523,7758077.37917568,6961811938.47322,42953.3085983527,40226048764.675,76718386.6091972,79759197.650861,3520824221.55018,27871220251.401,10380233655.6482,6705959030.53945,6949752072.86776,6704465464.34924,6960200305.33539,2887554184.0939,2390422040.80969,22404.9347385442,15219.6026966156,46421.7685996783,28709.9174970049,46422.1670911733,16274.7911487051,43428.2175210161,2943.76974973557,25484.339528629,39517.3570059083,8512.00694555371,22119.6018553305,2010.91817974979,81769.0040697435,32718.6286406783,89565.9525091528,45829.0450108098,56983.1614335452
"stress-ng --cpu 2 --cpu-method float --timeout 10s",15.625,1790391153.97275,458764953.609797,410621.968199945,39287.0376825542,2541.03769728664,39043.2458884678,25011.2101315302,2158860685.23905,367.933167561234,552821868.110702,8234.60475608337,381.831821997666,1194256947.79831,22199908.0537801,123679.12359887,436.30869726323,1093265801.57141,20383258.4733616,6954187470.61453,46548.412855708,138259.430720422,6139804183.87585,7741317864.37912,553177283.976153,6956009674.66424,43052.961390919,38111926342.3379,4032898320.52038,1198268588.7373,1571878549.24441,27908458195.3903,10395867067.8739,6944308070.24772,6947523853.04743,6941524637.61901,6951470750.80797,2887517908.11931,2390926404.17815,21085.349683652,13235.5694940049,49928.2302802875,29226.1888848213,49921.461686931,16734.0530783177,38721.7667218096,2809.93091774142,24093.107538833,36991.0302216441,10299.5980653241,22458.9523336697,2421.48905808598,84081.4849210122,36826.9975452282,99458.5277062972,50165.1172468679,61789.00309358
"stress-ng --cpu 2 --cpu-method floatconversion --timeout 10s",15.135,1745523023.66829,873221653.991762,413932.297413917,41206.9110214908,2204.75326202718,37756.6108145182,25094.8091389461,1813367431.73715,373.590993724543,907148431.617547,8332.47019035309,321.19027113136,994341298.508083,36536.9833920394,125289.944689319,350.807024273858,910992649.406908,32645.74748919,6956529047.80764,45811.8599776089,140578.24405146,6351175604.90398,15868005085.5991,837691052.220396,6953191749.89914,42630.2676700922,34518682298.2219,837729.14347122,3736773.58586782,3504756333.03343,27908668565.6606,10347583225.8017,5763666788.92633,6958075426.12798,5760791340.32502,6956148540.97565,2886835152.05635,2390064765.58044,24090.5906628735,16255.9696387557,46813.7039030054,28664.8613359925,46815.196652024,16728.5416342037,40288.315707648,2876.75506201236,21048.2296503094,35030.9146084436,9509.11882908194,22441.8352685296,2009.14557549208,85591.7336053863,30985.5186169786,88853.6507449783,44576.317084404,57565.5632933581
"stress-ng --cpu 2 --cpu-method gamma --timeout 10s",13.93,102864024.20069,3849754.00696764,477968.901256722,43982.1081021511,1607.71742703343,38883.8639104352,22026.6331348907,99233978.1812052,332.729364008265,3837602.72224554,8214.80881865017,568.025571959003,282031219.738111,17783.8065516595,87329.514153228,328.886675381664,293552482.483467,17777.5775166249,6957677880.58312,48774.4353307414,135175.877964622,6690761389.11484,2910877755.84516,3788643.02147577,6958475388.36301,43074.3665850305,38568489236.9427,842405.040468401,20708901836.4252,3510325258.37951,27856985823.2925,10429258970.6432,6427190804.05638,6950049569.38106,6424509980.6231,6957233508.03013,2887834101.4058,2390642375.72811,25484.0171234441,17787.8929587399,54717.550390304,34697.1170266118,54720.6384568301,22644.8914506462,40313.9866019456,2615.88145078294,21765.0723173476,38435.4003069159,13093.7472342789,28994.9978693062,2495.9348689404,101037.252345263,35660.6131856868,94383.2882747374,48123.1118582776,59369.3977357507
"stress-ng --cpu 2 --cpu-method gcd --timeout 10s",13.05,7058353.3813635,3917256.6310755,363831.184005297,39414.3260852133,2176.36461121836,37807.3863661054,24806.8770846535,6832862.45514699,351.270318642906,3831498.08727589,8237.56712740584,325.932903591411,543597193.30742,36422463.923639,116408.541829168,311.207035282221,545752910.178259,36305292.1693891,6955526277.88636,49241.8799971772,134673.370570545,5759055591.44358,4157877602.18517,3813959.85487157,6956943127.52109,42922.1607134776,38103623241.4315,11497503328.8881,600858950.492566,3545614601.1396,27762807900.1233,13833830089.7421,5756028763.47056,6948198247.0053,5753841040.68636,6955044942.94353,2888038213.86924,2390329699.57875,23153.0531358648,15225.6691021099,60637.4275739111,38001.4149583763,60638.9217396062,23823.8743431942,49535.1445454102,3078.88000007226,27885.283466639,44908.898794565,10550.6466261369,24494.2513408698,2396.75157357571,87394.1909172531,41114.293579823,104278.633729883,53232.9278447899,62685.8511009854
"stress-ng --cpu 2 --cpu-method gray --timeout 10s",15.07,7902770.31921076,4303082.99577674,383074.388098988,42563.5185612126,1750.23356395979,37597.2382742383,21158.4740125354,7671137.92758302,398.16799058121,4208949.77848343,8229.43509885996,167.218238661627,734955413.734445,111272.2192333,81781.0387050649,295.864715565333,736047882.229439,171666.962829087,6954441418.7783,49522.6711427338,142065.15087558,6346579988.41371,20023070002.3462,4240482.59031527,6953878016.30559,42537.9069043656,34562722311.3123,846761.459992507,3776529.59965853,82564622.458639,27903263826.5511,13854058190.4682,5761192114.15599,6955523169.33359,5758791353.82528,6956419784.67719,2888088321.66281,2390521599.08259,27682.6112468207,19178.2406864898,44462.8377768078,27187.8640506199,44462.3399418176,15027.1491785345,41154.0721632833,2787.72502220672,24433.203007959,40007.3519291183,11442.8320616159,30138.9727134845,2738.40360977379,106048.974884168,31444.7898911218,86699.3351596488,44200.7093122151,55022.1850411889
"stress-ng --cpu 2 --cpu-method hamming --timeout 10s",16.01,656449781.040578,653454123.165719,365987.513219615,41454.6414257173,1332.05846254526,37805.5705938019,25459.7016823795,657871834.427009,369.41244206667,654854763.746415,8230.3780921646,485.65508706774,1364974260.58109,18109.1895851149,85807.1828261161,306.052420876722,1466917008.04799,19547.0979596714,6948288551.79156,47428.0796826628,128999.302611944,6480296154.5789,33862966242.7072,608053463.519431,6954247492.7132,42985.6875761357,41671629948.2522,840900.55720937,3753665.42549363,97036523.2869245,27901558206.7077,10398681354.3497,6035854660.73052,6954868846.17434,6033302137.09622,6953839499.96287,2887435304.85054,2390605474.19286,22626.3055889784,14880.4824791768,48687.6768501381,30396.5369336973,48692.2560061169,18036.7976658829,45426.3065261012,2894.54364141748,23799.204763195,38553.6080844575,10942.772415965,23565.0419088043,2127.92727771414,87520.7686030519,32762.461047405,91956.6108940976,46806.1197322658,58927.0101627855
"stress-ng --cpu 2 --cpu-method hanoi --timeout 10s",17.25,5127860801.14766,5123737880.30072,358881.823752783,41894.1296713603,1157.65444168994,37225.3441956962,23868.2364003789,5123106193.91204,358.900524827566,5118945674.15643,8220.63043204847,180.170480833194,4712436509.21113,222919.480138221,82519.2727454692,297.12144546055,5198892923.80139,311574.03297375,6955848924.37153,46798.4921782435,137205.732220577,5758461331.42377,24360278387.5736,5634598150.04052,6946709335.12639,41290.5484020449,38081565743.5814,848751.59769298,7546274290.91352,3499856224.74951,27895141192.3349,10243687039.0878,5758184275.97354,6951710898.75139,5756453398.27699,6953617730.87976,2888058570.32318,2390458415.53338,26361.0988046525,17277.3708653621,47285.4326928977,29139.9689807571,47288.8177619834,14540.2655750233,45087.9336036377,3021.12891874387,29951.8087775037,45013.9244118597,11077.3961723579,24643.8094259629,2349.94692533679,88351.3895944167,34605.1534286407,90565.9992510657,46556.0032742535,56154.9450011749
"stress-ng --cpu 2 --cpu-method hyperbolic --timeout 10s",15.13,1695847291.41976,571579563.974069,615464.110796808,43203.5752307999,1228.66390378421,37569.0521521389,24507.5916602523,1696420518.26608,364.686485652188,571766142.639844,8235.11584158338,1301.4691155725,1278978392.79148,48261.5288984105,146742.606268312,218.173689579449,1159934949.12835,46304.3091936688,6954243567.97457,46128.52011883,138792.293428648,5756985769.92254,8428417145.40999,630437219.362442,6953094798.79004,42876.0838430378,34561803966.7723,2438345493.09344,4607763707.9419,3528824512.39901,27888980534.4167,10363693921.4142,5969324077.67583,6949516594.98111,5967121481.02475,6957956871.2368,2886198235.5866,2390969535.23259,22158.7433300381,14040.6483074702,43869.5998658963,27102.0322750559,43870.0979459925,15331.8019055064,47098.4184956578,2857.35665395685,27553.074904693,43097.2425375579,12938.7338554036,32094.4036109028,3141.74023229742,106493.517926035,29394.5709112086,79009.1948364194,40413.7129925955,49579.8647955591
"stress-ng --cpu 2 --cpu-method idct --timeout 10s",15.14,3739990276.3331,1264792522.06717,522413.937604088,39677.3907661781,2511.70025653941,36312.1258382999,26189.5981525125,3739000728.02344,357.242565855502,1264468946.51585,8240.32233315248,9097.87288566422,1666381572.2916,2380382.62741185,114102.402126152,287.66728345181,1665706425.92403,2374623.54579992,6958637380.02871,49848.0901420898,137685.373722733,6356986978.00075,15497887930.4983,1383437184.02187,6949892836.51102,40617.9502345836,38073408643.9805,299193798.624734,85047032.0041562,107681637.50019,27859481470.2309,11182288868.996,5762542390.37616,6956710356.93817,5760241285.34192,6958082240.40066,2888079752.83089,2391332572.44565,21768.9321983171,14373.9935585744,48508.3331313682,28770.1517256521,48626.8325819657,14246.5441249534,44225.4655689941,2733.23458501163,26637.7644402248,41446.1445419103,11079.9141975084,25068.0294268977,2258.8791284863,88068.6913243683,29603.2024869295,80532.9669973704,41396.0438866722,50722.7066443078
"stress-ng --cpu 2 --cpu-method int128 --timeout 10s",14.04,356599691.339602,353552171.149799,460043.150866002,42445.0601370844,2971.4036484975,37853.6949208893,24015.9973212994,323775319.100639,417.527407941911,320768445.04681,8226.62268235046,247.85569651523,84474208.4872908,117525.621374522,113426.51532029,355.606081439422,92679147.503169,114976.286615747,6953800186.16298,49338.2226265239,135159.647022076,6946464443.55952,17841556413.8315,320279199.358478,6954334659.04409,42212.1033091257,41653280436.8881,858102.623396326,4056393.52173465,3513454812.26652,27922374399.9349,10359391757.7438,5756693436.01533,6949655960.22691,5754863562.84477,6952902005.20154,2885079987.92985,2391001453.74415,24839.5397731202,15687.7163613454,43420.7651459173,26859.190109223,43421.3628425154,14875.5725495598,38671.5478537713,3092.67978487478,26235.5760000893,42702.6712533066,10663.3969117627,26652.8670221729,2612.11059799451,96955.938061496,28752.1973650662,79509.6502802323,40737.1821778127,50721.5172724028
"stress-ng --cpu 2 --cpu-method int64 --timeout 10s",13.05,9978138.12927974,7045253.14971204,511077.202665255,41051.1310491565,1101.45472303239,38973.1677800479,22297.8728715386,9948117.57507048,448.149072721975,7027613.45627,8230.67664898031,318.661878169049,232781984.189366,242385.658580929,105130.978086465,330.194050872506,232616779.691753,242724.244888485,6952956591.94601,49308.6095987306,138566.94357132,5756799052.02557,17427060907.9305,7026410.92903969,6951753057.17213,42290.2200721309,34513758836.3749,883968.13564623,3774566.12076017,109309565.303633,27868043500.4253,13879521486.3904,6356589975.04585,6954203828.93579,6354910306.91308,6956503594.90209,2886836089.03682,2390572580.71127,24021.2573053877,16664.1539287742,47810.134150876,26781.676071103,47811.6268647963,13456.8159908254,40161.7513455989,3300.30408640331,29380.7048725399,46187.5231050824,12064.0409667186,30803.9012019607,3096.98949767936,103197.213889133,36634.2601409897,100043.568167404,50804.4810104897,63529.0333644135
"stress-ng --cpu 2 --cpu-method int32 --timeout 10s",13.475,9712937.02505891,6560898.39968895,349933.948685235,40323.1158646269,1167.41282870778,38544.8266554751,24171.8150701111,9696504.22122695,375.670449108724,6553593.05372516,8225.78115426051,211.833334628333,221734656.890786,231177.334746589,83577.8883314493,361.226380360739,221450930.846519,230833.283138121,6955231608.08145,44597.5446464624,131427.788112082,5757955090.23197,17675105431.6759,6571833.87233852,6953462228.86956,42948.15054406,38109811329.059,730170.341968896,3784805.25731633,2255049592.31433,27851121726.3406,10422660260.925,5759084921.7786,6951795693.69017,5758406831.88742,6958177999.40563,2887571543.23535,2388864386.5678,23903.026392041,15720.9051191816,46626.6267216213,27754.5444509199,46630.411536356,13525.5334561095,43737.0158992636,3278.70314769396,36849.9671247668,60509.0579758706,10571.6764108254,25728.954673321,2387.77608419833,95347.5884808079,37434.9405783243,103627.995216523,53041.2338924562,66487.435936989
"stress-ng --cpu 2 --cpu-method int16 --timeout 10s",12.935,9066865.38078777,5883052.49232466,372928.526331486,40906.1922513312,2247.70877449241,38302.1066710118,23915.5179765328,9013752.37837897,343.513946971921,5866548.78464077,8230.51462931478,192.031623378311,263638918.155233,273351.198245692,89723.7180367633,318.242106131703,219022563.614961,229951.84369965,6955590519.36484,47546.6626315352,128025.150288546,5758206316.72598,14894165752.8809,5751310.11983852,6954283480.71075,42264.151270982,34562886680.0879,839971.187557455,3894339.62440864,3493191504.3165,27883821433.513,10370049609.9205,5757499594.89759,6949990037.29319,5755028035.29827,6953376683.85385,2887071806.22432,2389226676.55876,24745.6652434843,16195.3454923062,47399.153990257,27942.4086624599,47402.9389423278,13231.2960033953,41740.3450438013,2923.43704949926,25333.6317772164,41024.3545147588,7983.64150610413,21951.5766104986,2287.00451151447,83219.6433182832,32138.7882945224,86802.5166744163,44548.8943484999,54309.1539212089
"stress-ng --cpu 2 --cpu-method int8 --timeout 10s",13.37,10099074.3292821,6925504.43682915,354092.124980788,43654.4798083829,2119.69122421484,38059.8555890659,21879.3072069259,10340212.8183246,379.547792416639,7016455.12716388,8234.108879863,225.557942758028,231822366.284459,240996.042515926,93649.0743500883,437.619512483578,255438397.54757,264174.424364999,6952266182.82119,46115.91746243,136140.906520677,5752885139.40281,16004924063.6826,6911518.35514001,6950786661.77615,41907.0404964977,34509302704.2027,844446.432678906,3884115.46071154,90952258.8164807,27887364894.0604,10395510723.2026,5758304986.47849,6951890831.24011,5755768037.35464,6959402172.56661,2887524598.53674,2389032688.3504,23288.1957100048,15318.768263282,45269.7049925295,27985.78712191,45270.9005873925,15629.114947373,40459.8140606364,2826.44581289267,23962.0669631106,36224.7785323398,11676.6978646638,26976.6764115314,2570.78209287714,101463.314462083,32544.7132954568,83728.9518124477,42640.8658174964,50936.350796441
"stress-ng --cpu 2 --cpu-method int128float --timeout 10s",16.88,1864171768.19495,1092598076.35336,438191.093662158,39226.5840884001,1287.85337562047,35586.4321708353,24182.0744356547,1864755964.96727,357.748802366168,1092932664.7393,8681.96718542296,7241.57753989825,2322353511.50215,128361.809590233,119862.266239785,298.162621292024,2115077125.28988,122350.668761698,6951708202.53347,48503.0734558075,138493.673721161,6349658165.71542,22870254285.6259,1095525062.22596,6951418662.18851,41269.6065736607,41648611555.4974,847055.317558477,3666174.98453213,132553492.675938,27944911491.0831,10368777787.7889,6944485762.26276,6947580799.20999,6943064011.0624,6955048518.18133,2886781640.07562,2389313034.09398,23372.6676194835,16186.0711467795,53012.2181371731,33587.7448740119,53012.0188831954,21111.5566917477,44593.3566333618,3275.75938476334,30620.2810654525,47953.5412668343,12083.5521252244,29178.4065200491,2866.53100144764,97578.9293494802,30630.9224585296,84109.8211471486,42849.2961625054,53000.8525258582
"stress-ng --cpu 2 --cpu-method int128double --timeout 10s",16.28,3149695542.19027,1612414960.08141,621166.884607214,39650.0801053548,1576.88501950349,37975.4292092084,21229.0197043848,3145155410.45581,371.314898495172,1610118563.98695,8234.54164453951,6964.76692865932,2097442067.73863,437362.081539985,140947.592253602,232.579262904202,2316570768.39526,497805.733620412,6957461664.71095,45737.678038388,142298.578380243,6355196880.64082,20603694295.9828,1608921609.83077,6949570281.07259,40559.4844592498,41649355730.531,179873922.85449,5152767.22901967,3748700507.92235,27807350110.551,13805607692.1261,6353758062.88958,6952638886.52978,6351607714.59266,6953535455.25183,2887044653.6087,2390779801.93903,23094.3031041455,16966.9322183022,47569.5387257143,29527.2626809785,47572.3258847797,16726.8365072293,44401.1821697836,3033.45843922333,33815.7508589162,53659.5252141612,9586.44373012416,23697.5605554808,2326.45941714699,87524.5780277289,31448.6556379823,86998.1958057488,44344.1967007831,55705.1782414955
"stress-ng --cpu 2 --cpu-method int128longdouble --timeout 10s",16.205,2462330467.86246,1077424303.32879,749895.837303789,44314.3480361604,1481.98119046321,37913.4970699613,25144.390177493,2714222406.27912,436.766924289222,1187555941.27613,8243.67735789603,153212.903004759,2171637857.0709,19022238.0221207,118232.456454546,315.163263695213,2394102002.65419,21466462.1753799,6961826259.66153,50313.1125015099,159848.920077176,6360074231.99786,15616292349.2602,1189752535.96739,6956614742.46777,42452.8204025192,34511335920.6103,3651734650.44546,2437698833.47044,105430700.826664,27928325421.9634,13876246877.1932,6357245439.74792,6955647831.2904,6356120585.03544,6959644603.05997,2887205982.46809,2389972266.92813,22735.7725301977,15310.3733855515,44110.8133864632,25899.4415304766,44113.1017097134,15066.2207870496,38908.7276398139,2550.11585610753,21922.1568634217,36482.643494094,11291.4851453009,25696.7501553418,2424.56180014147,89032.0164900761,39065.6315386896,100760.736266058,51620.1456864588,61667.8371844534
"stress-ng --cpu 2 --cpu-method int64float --timeout 10s",15.725,1702066460.63949,916633193.149316,416885.31717866,39947.2132470542,1480.56035568478,33629.9702827327,20443.4160526376,1875795329.88821,362.265422987053,1010165543.08281,8226.28666082475,221.194446862505,2152803876.33099,81017.2585442011,106811.689550125,301.013135280412,2156326363.30213,83234.9548773039,6958511520.31954,48182.2179021614,137089.97780588,5761613346.21873,14776029480.9219,918058844.884313,6962592721.98735,43147.0153783975,38074053581.1071,732258.951558384,3792953.38782147,3535224626.80286,27933369428.2938,10332549132.073,6350553671.84098,6949284168.28667,6349283097.72627,6952516701.81856,2887394045.23968,2390912503.91257,21792.7498698248,14165.7157829176,43674.1699729466,26610.6500642289,43674.5685089887,12771.6852717993,53725.1363345534,3672.07886861066,32605.555350705,53765.0610573535,10660.3386955726,25432.3074681366,2096.35167531894,92819.5360552085,29931.2760395712,82294.3728740519,42194.7711365937,52456.0405892066
"stress-ng --cpu 2 --cpu-method int64double --timeout 10s",16.255,3191661189.51262,1591236242.55365,594380.816984875,39945.053120273,1067.60903359522,39368.6178634795,24322.2051318726,3454590607.07135,463.141548221048,1722297549.99767,8248.57184948227,22895.3429439048,2145342917.58702,677392.489567054,98218.3395358898,344.026345715086,2145159259.9885,547683.680124797,6954645281.30581,45009.5885495512,138799.139930043,6352222912.54073,19160230544.5716,1721145997.92187,6952477098.52193,43414.7560512801,38144834800.6236,299660876.776483,3759544.83935017,3486922629.74255,27897937008.0386,10371210936.6943,5759702493.43426,6953269909.80336,5758524813.59684,6952496862.71039,2885437856.35949,2390868262.96196,23818.0287709999,14570.1948919274,49220.0052358882,30330.661250901,49278.3726972383,18423.6991354791,43422.6665662048,3467.01857066208,33374.4997239356,52686.8462498619,9748.65315975718,22473.4447185181,2216.64405132071,80448.7442099339,37424.1867910751,99076.979266506,50365.0446494839,61585.22504102
"stress-ng --cpu 2 --cpu-method int64longdouble --timeout 10s",16.21,2471471157.15075,1076468873.52911,630795.282192963,47144.4303441412,1838.82576318936,39700.8397932648,24544.8192828249,2728446007.84701,604.270420531164,1188317770.30581,8289.8348316619,153435.187998007,2414340988.77045,21249913.6360982,115100.629335744,289.700229633755,2190689620.33298,19382140.2764605,6959580089.21374,48585.5233821768,147686.326204402,5761956899.09702,13877088294.7523,1077860468.30107,6960005954.26314,42460.7679397844,34531404765.5393,3653766812.16501,2506588974.49968,223737293.509712,27908412596.4718,10411823651.1807,5757857117.94457,6950849651.12942,5756231929.73666,6957605961.7594,2887137469.95402,2390649943.38419,23476.8647913157,15808.5651468799,49456.8495428037,28859.2586630524,49453.5624070809,14406.9182119869,40294.9394885211,2713.80404987551,23101.8023852243,37270.226458407,11505.3291067983,26639.563871741,2475.94252108712,99385.6016933243,38694.6264574688,97799.2168123493,50335.9794716853,59378.4693931994
"stress-ng --cpu 2 --cpu-method int32float --timeout 10s",15.15,1717166226.21579,924752290.411422,437512.013207463,43392.4670859505,1200.9630698647,37563.5333048597,24853.8542173994,1717235989.9014,387.641665745973,924793532.750021,8230.74905927465,22723.2428188375,2173269886.52004,132389.036658359,97310.2791046743,342.410157217785,2394144356.72343,97287.7950149645,6955986596.22963,46251.5461401988,139579.852271395,6353652386.32799,14285680040.7076,924297761.750108,6952515257.71424,42155.6597564768,34548056721.4851,837649.673672124,3727432.62853912,3502452831.95793,27885057748.4579,10399473673.7352,6358614212.00155,6956244233.3467,6357164287.16506,6954805326.18083,2886672124.06782,2389429385.95524,23102.8572216054,14702.424819524,46184.6513014411,27385.0927421119,46202.7810552499,12874.8147830569,42032.2433044276,2836.50792857971,25448.5014051572,40882.3830227276,10719.4807782232,25923.6697402699,2585.79115557564,96770.9399334812,31139.0298963168,82235.3589102069,42180.7748271068,51294.3018821348
"stress-ng --cpu 2 --cpu-method int32double --timeout 10s",16.1,3329265988.96853,1659834000.88009,704411.069126164,36169.4412964671,1856.33520644673,39487.6876460244,19020.9316424766,3131751827.96687,503.503169596695,1561370611.53436,8243.12578622877,4648.63756020789,2367708952.37176,600157.279949079,140736.158440502,340.570020133414,2267237384.84006,570973.889574355,6962015392.04779,46410.3096935574,149232.432119722,5763500446.83542,18904449683.7352,1723661592.40371,6955704711.3397,42857.3223233788,34525808561.0133,203725759.055247,3842522.39282087,2197167030.95732,27917094520.4583,10371556402.0609,6353207129.50339,6951287332.36846,6350594960.18126,6957882130.90374,2887678493.85746,2390139491.25037,21415.5137429651,13583.9391829148,48538.307368074,29764.640644515,48537.5108485399,17929.6547122542,38780.0022651253,2816.5566399708,25042.6890528011,40278.4335086154,10623.0682189401,24552.4174445611,2540.5718757446,89795.2399218853,34863.0187825061,95057.2510683386,47952.1794781823,60069.803982656
"stress-ng --cpu 2 --cpu-method int32longdouble --timeout 10s",16.21,2468491162.86892,1075167694.62339,605838.050138114,38818.9924936132,1326.82908714881,39657.5023675917,24613.3155541896,2473370490.49041,515.211316100073,1077307303.39027,8263.26954693142,85675.1729101322,2183202339.99041,19398098.9944703,122973.434722017,416.855593794269,2414809789.1589,21062439.7326284,6956491791.82292,47710.0505520804,150442.2577546,5758930378.24106,13799014433.9439,1073830472.00693,6950889426.56116,43059.9566856652,34520112994.9231,3720255984.18129,2505963957.58125,3527670730.59667,27909631707.6261,10384970480.6079,5755953014.5154,6948838736.67638,5753332628.87047,6957489757.29076,2885758708.84577,2390981717.60969,23030.6717703041,15293.0190572797,49134.7324857259,31019.4737492406,49339.194544529,19048.4343287823,39517.565913102,2740.12164961834,24363.7165314319,37920.6632767659,12437.6203578441,30202.5325170567,2778.21774336029,106279.331958536,43660.1575261654,107526.055107187,55337.2357313355,63718.7418232134
"stress-ng --cpu 2 --cpu-method intconversion --timeout 10s",12.3,6814007.29312597,3857089.10774322,499617.528196701,41210.1258682438,2113.16903810143,38262.6620695091,21663.2377219563,6892719.20994116,478.385842837315,3883319.23040362,8311.25869103842,262.657208881912,170532909.674291,19334.6711809418,109772.924572424,313.701359002122,170485761.56908,19435.265781321,6954782467.85709,45454.5280281543,136611.779921957,6482209309.1721,9449806147.81405,3824106.89760698,6952731546.62833,41642.3578881016,38229951002.0603,836454.36904247,3842414.73497684,85652540.3913867,27893389629.1798,10295435125.693,6021032479.79626,6957252717.60456,6018733290.1871,6954586749.9505,2887123338.49782,2391021563.63183,25153.8600611886,17368.9811653235,44646.9166200674,27184.8494482336,44648.2113311516,12639.6667558998,42440.2236006341,3170.20188684694,27046.6253102567,43120.0648586537,12424.5198376025,30918.2898432343,2957.69261014889,110538.371051696,33570.9744185561,91457.7816350313,46688.8102289857,57810.9821518987
"stress-ng --cpu 2 --cpu-method ipv4checksum --timeout 10s",16.175,2685917410.54376,358999193.353253,371113.185592312,42253.9386114631,1379.92697631227,39799.0782445547,22444.8636883388,2653065225.31743,346.076331183434,354556511.656518,8224.82901620411,670.716855325577,3083958473.24412,66350969.3596932,87164.8636428633,271.225542714678,3130519971.56114,62980923.728364,6956546351.16399,45720.3434524669,140616.935433278,6131236496.81832,29385165520.589,394630622.225011,6955383282.0137,42972.8525521321,34541276826.1687,5820373451.8487,1221735841.82803,66528844.1976148,27945434050.5667,10357175174.2357,6350826469.55667,6948925607.92426,6348969589.26647,6955180775.00228,2887638919.78582,2390317224.29459,39416.276443045,24037.2713368621,60591.8375349374,36081.2900664627,60586.3592937597,23231.7267688305,42456.3435130326,2603.09136189943,22300.2172359946,37914.6867302086,10650.2452054469,26407.0930583464,2388.82608043825,91697.7873483577,49245.4346852405,118560.385967031,61130.9313320674,71738.4186575982
"stress-ng --cpu 2 --cpu-method jmp --timeout 10s",14.09,3020521143.59056,6027586048.67921,358931.398866851,37495.457823347,1456.67566498902,35715.3415159919,25341.3854734416,2880615488.02698,364.971526683739,5747996986.17625,8226.97533732034,232.574031930605,5013838443.40225,280423.157281969,111549.960009813,280.521454264139,5015931767.15422,280954.363879065,6955092216.78414,49201.9177055184,132576.293625772,6353245717.27966,30341469416.3054,6933146420.44969,6955261519.35468,41941.6314686094,36889169721.9578,855610.951919219,3926468.02847858,3468416172.73177,27925128085.0566,13829270232.8922,5756517014.61549,6949586694.41078,5755443353.26191,6952666277.71531,2886410503.78897,2390254915.89791,24216.9837619668,16613.4016428359,45211.3167844757,27547.0942814476,45210.9186748752,13225.5990392909,47856.3055666431,2780.54815599523,24976.7560821449,41731.3156016236,10578.8465293185,24736.5939250563,2300.51568424711,90540.0669057075,30843.9540328768,84898.4952254454,43509.0556152184,54124.866344104
"stress-ng --cpu 2 --cpu-method lfsr32 --timeout 10s",12.375,7557646.09285663,4361171.49690988,363529.628086725,41996.3211841723,1123.00097417131,39019.340104248,22235.7372784263,7571336.00873079,396.199983760511,4381319.24985783,8240.68099857769,303.496281357972,181528466.336268,99540.3208033297,79138.5932087169,316.147751325289,196287900.774365,108907.237094031,6955199386.8804,46007.884092282,133789.39722451,5757781706.31498,8819374475.18426,4368276.32937795,6952080571.84549,41875.1325785406,38079183198.3941,731806.279291654,3653635.4046179,207522886.753988,27904291438.6631,10375673224.5802,6354921458.12147,6953283357.15275,6352327701.82292,6954335500.34736,2884584270.40062,2391199298.19605,24087.2054047673,14820.68051105,44393.8792802699,27735.4654916038,44425.2593123438,15679.0579305121,48579.3394959207,3445.01195724177,33655.0708471811,51804.7494941061,12846.5599820731,30825.62683211,2979.35861728085,104219.169924518,39010.7212243874,100305.116763494,51473.3217592143,61356.1413763883
"stress-ng --cpu 2 --cpu-method ln2 --timeout 10s",13.94,1279443418.82173,1275509264.34587,354654.15045726,40867.9619602634,1550.45517235886,39443.2892411229,21640.1501886419,1280288768.40004,357.922034889235,1276314537.96012,8227.73526120586,189.345410769975,324689692.378613,216536.306301791,83212.6862162905,391.029758510964,324753694.638034,216217.981138018,6956710422.8129,45157.8667519471,130461.80449455,6354120444.50496,8449091223.96034,1407753777.73283,6949768062.20776,43115.5970974074,38109613358.0569,842383.052474751,3755711.78277501,3527774346.17999,27894473477.6416,10372091557.2906,6349494555.09063,6947481586.36052,6347253518.92079,6958886734.97599,2887665226.79571,2388792309.09039,21675.2298260473,13374.4316818923,45288.5791312643,28373.2783354959,45290.3726318141,16453.8729598931,49096.7384228757,2892.05289839189,27888.0515502397,41654.5501997828,11862.5952626907,27974.4501569022,2558.31406085581,94555.208068486,32589.867955488,89679.2792501098,45421.8148767707,57116.0910086198
"stress-ng --cpu 2 --cpu-method logmap --timeout 10s",11.87,7331273.34338743,4113417.99197674,362443.965543129,41977.0239741724,1605.10789017145,37608.5074953696,23953.9127973652,7380494.61116181,348.132348571866,4115436.42465272,8223.03708958307,376.206348551301,85049400.8998587,53513.0664149277,100276.191597775,304.26218962321,85057995.8376741,53935.842443472,6955354639.07685,49129.3124147427,136081.31007665,5758762168.9757,3918875551.14854,4052114.27522399,6949682563.38985,42873.926222814,34556288548.9219,742378.23261735,4146997.68946547,3509603766.40925,27858816243.9622,10349628424.6365,6946434926.87947,6948793330.79818,6945071917.19546,6950348973.4645,2888150877.59919,2390188655.57685,26741.6415686377,18517.2133924266,43562.6992958511,27047.2601652246,43568.0761284332,15266.0225521168,39629.8018377514,3087.11946471913,26223.3354614793,41989.9836964769,10592.8629259399,24477.539793714,2424.85544299885,90108.5282738757,30552.2094576251,83865.3940906866,42833.658746129,53240.8646380623
"stress-ng --cpu 2 --cpu-method longdouble --timeout 10s",16.14,2642592844.87351,1128038392.84157,558041.897850634,45033.159038943,1451.34243363256,37712.8394505566,21572.4565688249,2913707942.62322,503.796898972599,1243700424.25457,8265.11331830076,9190.59318783849,2034310569.43087,5139870.8585144,149083.985338824,244.228878977375,2033470501.5048,5124415.20738313,6952626877.81575,47583.2622560604,149042.918455603,5755625249.71386,14299184029.1411,1241915785.55043,6951656234.45266,42510.3804863141,38112344040.9755,1942161806.71971,899573967.927519,73644802.9904318,27889196280.5164,13862351705.3984,6352092235.58119,6949937757.02112,6350994156.39595,6952765687.12399,2886587467.39907,2390393781.73451,46768.304306422,31363.0656043104,46730.0133843298,27782.1308641246,46730.4119158561,13506.9308571313,39750.6396068595,2909.89567675134,25130.7179345062,40679.9529770721,12413.561833065,30660.0441303357,2825.79720435663,109765.329173481,34286.7890291469,92307.599271653,47135.4374072607,57903.4378037331
"stress-ng --cpu 2 --cpu-method loop --timeout 10s",13.06,3134277175.84907,1567746276.04212,348100.318654014,39697.4950561354,2442.04037741595,36917.6823336037,25429.5458717509,3129470978.35488,353.92732724276,1565325740.91728,8220.93371119283,355.916710224778,787624357.753669,61461.5779863333,95733.7432157521,308.491273205882,787597161.004081,61955.9601409905,6958839462.90848,46029.8067105271,135662.034989949,6356170956.0851,8640453318.59871,1726671457.44799,6953893453.76645,42891.8077376862,38066910210.5915,877263.328761904,3792817.3229949,259898528.068555,27932575628.8683,13820819502.3896,5761208615.66279,6955164374.21056,5759118520.9762,6951766392.87735,2884905022.88574,2390198952.24142,22163.1789063433,14238.9438673965,45313.070208093,28021.3689350833,45313.5683356539,14312.2010801625,47558.0186225952,3200.65557964108,32111.8398641194,51006.1963481737,13487.3079320059,32527.4865618765,3050.65672065796,107864.98902157,44728.2063809989,114652.333405321,58727.3121165206,69265.1803858352
"stress-ng --cpu 2 --cpu-method matrixprod --timeout 10s",18.665,3651171418.6485,73929148.1702716,360495.895363192,58405.8228225265,1408.56585931722,44219.1550995471,23692.3518787877,3707583811.24,490.672630669008,75012155.564476,8691.41874061802,219.847746071387,1818227250.83204,14053844.7901675,1787369564.11437,291.742128921884,1817994083.9855,14052549.5507264,6954382306.32636,49457.7611658339,181214.886828889,6782376769.10475,14988845687.6494,73619368.7484375,6954749896.50403,44924.4496999775,39718858852.1178,1090200183.00732,1560030955.00797,342119031.505386,27906295138.8733,10397170619.8712,6777957474.59846,6947636833.72627,6765719696.58438,6954900031.85271,2887087277.96108,2390242435.92619,26264.4947058243,19017.3088735717,46851.2729040323,28402.980018618,46851.1733482009,13676.7810001427,46700.7004476772,3517.54481671686,34709.564027161,55245.5296819525,10011.9202311117,24687.599093099,2570.22043389619,95114.9848191556,37184.7009401578,97091.5427766256,49658.6016951846,59803.8324333699
"stress-ng --cpu 2 --cpu-method nsqrt --timeout 10s",14,21681369.6907031,17666832.0126654,473666.119093165,38434.035830903,1840.34252129511,37758.4092209155,24410.462921304,20161851.0834589,360.041755846084,16313482.7153537,8225.6075669037,377.556930679928,2158974657.80136,58710.8979959909,107244.161415905,320.559053961182,1958839433.34942,41617.6104363817,6955814766.18652,45340.6181351724,135925.017992304,5758369911.37244,10485297667.1455,16353468.3747465,6951890422.18421,43471.8261731249,34563850590.1124,879592.421410862,3787794.17894782,92184564.857143,27882266009.6126,13861069185.3565,5758488903.3586,6952010635.56836,5756627717.89101,6958316532.85143,2886804378.02764,2390954707.29848,22357.433952391,14692.2386464601,47505.1868578684,29136.38178257,47504.7883871006,17365.3560640915,41803.7072611392,2532.81531317223,23151.0199312093,36599.9882851741,10212.1106367548,24562.5500008815,2299.91194441781,87602.2715293657,35162.6220280353,93628.5045290316,47777.3068096249,58374.0444402225
"stress-ng --cpu 2 --cpu-method omega --timeout 10s",13.79,278586996.787035,132742774.149316,489645.980433625,40258.0055448043,1498.5375297019,38429.3744089974,24353.8928961758,278940406.776783,343.51287294896,132910190.752812,8216.3948046505,188.054671340136,270212184.607464,136300.674020137,83489.7140283456,426.763894470856,245125481.849489,124891.023223395,6958141231.83359,49070.4662422885,147228.406278424,5760393739.34528,2020702552.00938,139527129.206986,6951277651.97043,42152.3394728018,36084747203.0092,1414609502.93071,2548594493.34229,101356766.702419,27924242426.8135,10402817072.4493,5755650294.04999,6948346138.62501,5753455368.96041,6959302931.81265,2884738001.43998,2388788484.95682,21626.9885314346,13257.5369532472,45111.4083409124,28099.2987136823,45110.1135157933,16203.9395490962,40145.2477936142,2871.55175713046,24987.7495422156,39540.6371874267,10974.3955937694,26149.2337059088,2459.07255130067,94883.9468387042,38992.5815835941,103124.057444245,52191.2576270124,63914.2669585041
"stress-ng --cpu 2 --cpu-method parity --timeout 10s",14.05,7527791.07497103,4239506.04997291,364862.124830998,42869.2310537526,2117.27390371889,39380.3604008211,21553.5780157399,7508762.60712591,530.582277073259,4227405.19603288,8233.22125877816,663.618891679658,3707562630.64785,14369494.4342443,86671.1521065462,346.297340313415,3517869645.76269,12283739.7159417,6958628836.01145,50030.3662080333,135292.419523749,5760437543.1413,17011554019.0802,4240174.82266227,6952364492.3052,41978.1393539981,34511579293.3296,2435075379.50795,6222964932.94468,3534033633.80625,27867297913.4738,10392771621.4054,5761858976.82166,6956322816.09619,5758827131.9339,6955677578.63301,2886783530.71612,2389362202.49438,23840.0144179815,16116.0640048121,42888.2795797482,26673.9268891391,42888.7777685818,14304.4959782422,45156.0401113967,3293.80030986587,35067.3698003406,55591.9190066739,11094.4236246915,24992.8524519073,2420.29188936454,89900.055704373,31566.0445741268,84737.9551717091,43247.5854628858,52857.6952436904
"stress-ng --cpu 2 --cpu-method phi --timeout 10s",15.11,620231777.728468,361670051.478072,433741.784383376,40860.4005733466,1035.20408390865,38779.4585058562,24580.7555106849,619740815.099139,377.655893911815,361398996.698678,8226.23981756911,365.516584583712,7007718227.71266,31734.5869042568,81903.8239667072,444.52031276742,7007547554.94742,50005.1570704129,6954983035.13602,49317.2475347428,136371.297514765,5757847639.36902,30824045370.224,361301989.743174,6948806511.21681,42966.9844683159,34524569311.6449,834749.063244921,3942756.79463552,3511578211.42341,27902370451.9251,10392717448.6792,5761284153.91487,6955348292.5965,5759221134.7319,6953808351.45656,2887806220.97366,2390918080.48844,24056.7674196711,15691.4702693897,50756.515866683,30815.6449257874,50757.1135459347,16778.6496332984,43180.1534479475,2772.53483214155,24538.2977204913,39429.2936766535,10329.7704050949,24208.5626124997,2092.9515521327,84974.1916545802,39724.796794547,108044.310034205,55006.913777678,68449.8247838766
"stress-ng --cpu 2 --cpu-method pi --timeout 10s",14.055,854428714.99323,570861649.617893,555895.405355559,40151.3497622924,1201.80829719478,39677.6631641755,21809.2624782203,774392018.849301,393.310052538849,517329050.694714,8216.79240602062,725.529975699629,321125583.834698,16773.5809934185,81459.1812371357,354.586228551987,321360657.887548,17570.900427512,6955376801.54772,48218.1749829145,139496.213259854,5758169676.69519,4678263716.00104,570427855.534159,6955847359.17169,32034576.745111,38068725167.6978,1790766067.57026,5970392478.77147,3518243723.36339,27944495398.6414,10355015845.3999,6356784426.63024,6954471941.81238,6354805888.96501,6955735642.80308,2887631222.50528,2391228006.93523,25105.7925810612,17325.6543641065,44654.5066041223,26995.006125074,44654.9050720416,13197.8551872649,40065.2906694674,2935.60737765312,26269.3909428212,40267.8872408153,10500.1288857602,24976.3915746963,2285.89344779502,96256.3444436534,37062.8943658833,97037.2331728838,49718.5216909158,60286.6906296643
"stress-ng --cpu 2 --cpu-method prime --timeout 10s",13.315,6878325.56287243,3842624.41939748,474583.03682797,41045.5718436705,1658.04154917389,36576.3925996104,24471.9141333596,6817380.55055244,370.815555829311,3819031.19942439,8241.17436024514,241.541526626742,1689949256.40043,31211405.6358648,120294.439446871,435.971746440524,1530147823.48611,28579274.179987,6958718017.3131,49310.2880697651,138285.613906362,5760819546.21116,7306550748.76483,3836215.2257568,6955117624.70111,43061.9583075993,38104499873.472,5674579043.17509,1048926648.15555,3522888667.29997,27853191871.3079,11885035727.7529,5762375724.88341,6955887562.65509,5759571696.82472,6955867222.30955,2887746151.49861,2390873736.21384,24015.3672224959,16819.3448603659,44635.6936507979,27442.8869779532,44637.5845341009,15418.9590942413,44856.509069772,2822.34069738187,24864.5306631339,39391.9346911337,13443.3589764843,30963.5442839587,3079.45437640454,109580.554556217,31744.0735822011,85985.2935758553,43911.5706993566,54081.7060413396
"stress-ng --cpu 2 --cpu-method psi --timeout 10s",14.045,114011020.139609,62295272.6190851,492303.312911121,40375.9675554181,2503.57750078854,35887.4285088206,21981.3607334377,114206278.38203,375.335167672126,62426238.2116366,8222.58361763073,216.008396983961,2056520195.3549,10587221.6479326,107094.558715353,317.782369617976,1901567324.76781,9790938.64281134,6952541222.00805,46341.7361098333,134566.522135761,5755851155.13401,14748291369.0568,62252131.9267864,6949355989.47658,42877.2546718639,41697995231.1626,3432155789.01713,1147525664.0554,3519044017.49606,27547470441.7138,10426555973.044,6352408600.66662,6950517743.39123,6350075159.90645,6950623670.54819,2887141465.93935,2391006797.69588,22439.1241488088,15319.1715509854,48060.1881186019,28900.7602391121,48057.2994072451,16365.7451652337,43671.4667929058,2785.15762143278,25822.3657496872,41600.8072683962,10010.2038423592,25076.4636523456,2330.73670524226,88932.8915189266,33106.7671600378,89255.3646962496,45515.2700447389,55741.7221978637
"stress-ng --cpu 2 --cpu-method queens --timeout 10s",16.795,2114842090.44815,2111674750.8721,383105.182860526,41118.646404366,1651.22232923628,41089.3253553607,21990.4885738,2197214957.51252,341.277924327649,2194202832.28952,8228.9434145266,197.384825385651,1380807094.94932,180569048.282189,134586.038145357,316.75463764941,1382539525.02095,180662356.399528,6952510642.11799,46032.6518315349,141909.754836207,6445432082.01921,12179636463.3437,2109852942.13335,6954037220.70641,42616.3733889451,40924517264.8559,20606968205.9879,2729930130.21091,3526540895.06511,27913842537.5286,10397045882.6239,6951366308.19156,6954246444.52202,6947935314.1809,6954561313.0231,2887372878.03496,2390682492.11764,23199.5640156329,16183.5800796799,45727.6055901583,27848.6616207613,45729.797284271,13314.342489828,41012.6692795547,2793.54327800364,24246.0314755205,37638.0881219877,9656.69862870903,22839.9976800806,2363.34180833505,84488.0265225581,32958.2455671208,90757.1939945218,45551.3509467898,56799.2868763212
"stress-ng --cpu 2 --cpu-method rand --timeout 10s",12.745,7386157.21413154,4357391.4739683,361438.281535931,38887.6437648825,2083.93229061893,38603.8416903873,25511.2716624762,7488363.210032,330.87041292194,4431566.72768779,8226.90833740743,632.795964660028,132724213.782594,78730.4971813637,84645.4093048342,310.64714221621,145876455.998481,91239.6419612426,6951103575.07078,50364.6479844133,135810.631687823,5754609454.58411,12478680030.469,4291649.26643945,6948186841.93959,43490.3474641169,41677902160.7254,745371.415628451,3723022.89524863,3548956871.17718,27897068334.6279,10393720564.7924,5759013501.1086,6952429074.09773,5757015675.62473,6956181493.39568,2887724093.49738,2390967777.55184,23599.599526257,16393.5008601384,47284.6756863454,28284.7760263472,47289.5580582327,13916.9519642933,41396.9210379343,2838.27659166379,22129.8512284015,35826.1569866864,12976.5539971042,30655.1536176044,2714.06743945576,107605.371610029,30800.8651539064,83910.6481482998,43066.5246395192,53139.3459959534
"stress-ng --cpu 2 --cpu-method rand48 --timeout 10s",18.315,7886533563.80461,4218639943.57825,415722.914237924,42185.2012138275,1509.69259542016,38985.4800314099,22660.7980154779,7854136210.37815,362.526820470237,4201301664.75725,8225.39260034295,463.923101111372,3851545024.6349,33935.1893785517,88892.876110894,308.446094249658,3856452768.79098,35824.6063939427,6950748343.8585,45295.5012631408,130740.080354433,5755029161.46776,24945823232.5058,4218285829.97328,6955202365.57728,42811.1447098364,34570505362.9534,750874.84101968,884156678.273078,3500383050.1525,27858577134.8699,10417354225.4891,5761508544.9293,6955805497.34496,5760103241.89745,6958638075.34219,2884641504.58379,2388602658.57151,22164.6389193889,13654.4454096268,44339.5736490186,27609.7533926174,44339.6732894056,13930.9217858511,44925.9607122754,2887.62539153976,25897.4539742508,43255.0576945311,9557.98384344136,23019.4346970575,2244.98677028736,85356.3301063406,31071.7308733956,86754.4655715114,44238.82901219,55251.2893671162
"stress-ng --cpu 2 --cpu-method rgb --timeout 10s",12.92,9582304.45277195,140579402.233608,380994.34334314,38982.0763345877,2152.67347124004,39421.3731221562,20531.4125697841,9847250.43867073,377.822778359194,140586140.863921,8238.04746174031,259.223996488368,23208550.6302263,18572.6836993215,97392.9801315658,427.941745512456,25033798.5998557,17471.4031647665,6955669383.10912,46862.1626501262,141900.734401074,6354215286.32574,4422777420.07231,154776542.187971,6951161252.98835,43371.0191752678,34545169770.5713,744103.713544216,3963796.46969338,3522104857.61587,27872144337.8617,10172142156.2496,6946238600.15038,6949544853.58934,6944133140.35258,6952830199.17068,2887894564.86083,2390946254.33241,28028.7766041891,19645.0816929095,43071.4627040297,26508.419121821,43072.6578581649,14276.3153369229,40944.5919256523,2616.49447278156,21921.7087744504,36022.72513355,11301.5865551622,26891.1772327452,2547.160519612,98392.9785262079,29307.4337416929,80830.896663768,41280.8209990696,51325.1597649863
"stress-ng --cpu 2 --cpu-method sieve --timeout 10s",15.025,2477499300.35981,1630952679.30579,399485.487197577,47941.36236031,2320.96503726141,38798.3565286998,21855.6795484872,2733305941.35358,356.642007706073,1799483959.73738,8232.90914190773,411.34889978149,1922046211.33783,844265.640305909,114808.084169238,346.903875829884,1922762325.12965,853803.617337553,6955888458.13891,48855.3839255704,143669.465284249,5758713764.82912,22478641016.4705,1630957402.20838,6955707932.16297,40998.1674357265,41647695807.9962,164013039.233772,3820844.4444766,3542380099.78897,27921634027.9941,10402818899.9795,6354368642.69135,6952770507.30313,6352759436.09599,6963631667.25538,2886464948.05527,2388858617.87914,23046.4429349466,15147.5953389029,46637.1956542894,27839.8878910667,46668.470383991,13487.6753885121,47806.0480337712,2810.16903141611,25561.3006977008,41703.1355669337,13749.7455632957,32480.3013705956,3046.15816182661,111516.561306287,34507.0289673771,92945.3450573913,47386.9243027134,58231.4641363503
"stress-ng --cpu 2 --cpu-method stats --timeout 10s",16.055,4234763862.58509,3234885179.44213,456521.748732865,40372.3362256712,1546.94663258231,37706.0913840813,21891.5453707408,4655694073.57943,365.232895193779,3556634535.44087,8232.72660033129,345.946666951631,3131149330.22516,3540239.30305598,171844.658871802,349.428910030182,2834463600.86851,3205747.06010904,6953620931.06871,48962.8686346231,138079.689236507,6352547747.66162,24913988486.6935,3558586970.27903,6949068500.59962,42980.1873443024,38092761976.2904,299343828.581588,152961202.064015,85534456.7083133,27896307130.0442,13850664058.1153,5754192671.34662,6946853768.2111,5751529653.44732,6957234331.60195,2885474042.36759,2388846598.42485,22526.2555444924,14377.1734073575,48658.743750144,28501.5589889243,48658.9430283001,14568.4288751839,44321.7124218822,2813.60573769189,28845.5857411935,47923.3509258492,8281.48510976035,20690.1679170923,1934.12594804149,76635.6075177742,33983.3078671352,93798.0068661391,47263.4188766542,59258.1716171186
"stress-ng --cpu 2 --cpu-method sqrt --timeout 10s",14.93,1814135994.15376,1810992045.61795,505374.882121629,39793.7202875519,2237.8258541978,36812.8018649086,20930.3412808028,1813493751.40033,384.903512255416,1810381744.04134,8222.79422827592,302.062055070848,2611189218.91637,41492.8034278388,110810.624460078,310.059492170694,2716125047.27654,42009.5343990066,6957080351.9544,49067.7651816994,139449.478500657,6354322386.19846,17223086445.9301,1814195516.6772,6953577133.41552,42265.6202694512,38093837773.6085,857330.885604988,3828559.97380467,3483059110.69513,27916363644.9601,10336144603.9322,6354435157.73114,6953137356.20625,6353672804.42885,6961461553.16017,2884958355.61675,2390353622.54397,24956.7280853311,16437.9244545272,46381.276148009,28421.6805609412,46384.4622564738,16568.2618468115,38790.7466279425,2833.73912225365,28362.403302562,43866.3055284196,10924.1373107616,26922.2550844972,2304.42615365553,98488.0483850692,30586.4666127677,84634.2690265282,43252.1044019576,54094.7077572738
"stress-ng --cpu 2 --cpu-method trig --timeout 10s",15.055,1344279007.0201,535826548.107872,716782.96985147,39970.5807620297,1898.06265264061,39163.0150076428,24775.4497542497,1483853550.11038,350.740015864655,591359584.352724,8235.82890993758,2100.42872252145,637518754.888458,513713.279890581,99457.8265736919,332.703201606127,637414697.293406,510010.357117753,6952195571.86276,50047.8699729798,138832.164172383,5756261404.46504,5652318501.13304,591119983.558291,6953429455.336,42080.8961611515,41604901338.1029,1468178596.92756,10112141378.9641,3481057289.87574,27859403750.8431,10399051704.9581,6006153581.31726,6948002480.41254,6004091333.31712,6956119438.50681,2887649348.95894,2389185247.81643,22068.2378668295,14073.1343006555,45201.451099727,27080.8937133659,45212.1129473649,12617.150779929,45853.2606505114,2855.6382591879,26571.1326810716,45040.3075808381,10620.4455221332,26293.5874777838,2367.94711006495,90306.6626395216,30771.0545958935,83690.1933451213,42750.8420210781,52488.7367615374
"stress-ng --cpu 2 --cpu-method union --timeout 10s",12.71,684145703.802718,427200951.353945,377296.475708037,42429.7349542904,2439.01731477337,38226.1507981233,24310.1418047103,684575329.79068,402.054476653637,427460190.937111,8244.9509422095,218.899863498327,47598203.155431,57690.3532170683,79091.443323175,315.120294174194,52020224.4702419,62835.3842864657,6957740962.11348,48076.1753769254,135384.374719148,5759936038.9765,5357215461.02146,427218569.410349,6953876759.30525,179245.800539041,41596650104.0772,830342.29709169,3824558.76956426,2924551042.87651,27884951654.1651,10409002950.6552,5759582079.587,6953330143.70567,5756928923.13556,6959283961.34312,2885482008.155,2390955113.15162,23127.3784624066,14910.5629996613,45736.222169978,28180.6430368978,45738.8113415559,13859.1383716031,45090.8153296194,3004.90534082182,28990.332863927,45746.6502165178,9891.90326528015,22492.4520306273,2375.66591943965,82238.1895467352,31729.0902688894,88159.7699274597,45009.6335598735,56240.0284036936
"stress-ng --cpu 2 --cpu-method zeta --timeout 10s",17.27,3711078961.55169,1388766010.89585,532077.255730409,42665.3418160094,2108.58121350117,38022.3107532641,21112.9318311996,3710646454.42895,463.566554796294,1388609881.92503,8266.6223533151,231.490472391121,3386672338.79371,53655.0641953439,146637.500762459,338.623900565012,3075539229.23857,49237.76435077,6955401907.0291,45839.4276345167,142623.714110023,6056058475.38313,18687174115.9591,1531965204.82356,6953461252.97052,42388.8407452064,41654856118.0004,857295.061181724,1227848843.51089,3526596122.18644,27950640601.4645,10338507114.279,5757448399.61577,6950830974.03178,5754549531.39138,6952215689.9352,2887252283.99753,2390900927.75702,21918.0073004048,13191.2908930394,51134.0245727365,30340.1217128093,51113.5994186343,17536.0409631759,40769.7479024589,2856.91026796383,24239.6423975898,37449.0948661011,10289.344523329,22355.4254911634,2140.84299430948,82503.6775183779,33303.578646627,93972.7766062518,47467.3127001244,60723.7907239035
