"command","watt","L1-dcache-loads","L1-dcache-stores","L1-icache-loads","L1-icache-load-misses","LLC-loads","LLC-load-misses","LLC-stores","LLC-store-misses","dTLB-loads","dTLB-load-misses","dTLB-stores","dTLB-store-misses","iTLB-load-misses","branch-loads","branch-load-misses","branch-instructions","branch-misses","bus-cycles","cache-misses","cache-references","cpu-cycles","instructions","mem-stores","ref-cycles","topdown-bad-spec","topdown-be-bound","topdown-fe-bound","topdown-retiring","cstate_core/c1-residency/","cstate_core/c6-residency/","cstate_core/c7-residency/","msr/aperf/","msr/mperf/","msr/pperf/","msr/tsc/","uncore_clock/clockticks/","unc_m_clockticks","unc_mc0_wrcas_count_freerun","unc_m_dram_page_hit_wr","unc_m_vc0_requests_wr","unc_m_dram_page_empty_wr","unc_m_cas_count_wr","unc_m_act_count_wr","unc_m_prefetch_rd","unc_m_dram_page_miss_wr","unc_m_pre_count_idle","unc_m_act_count_total","unc_m_pre_count_page_miss","unc_m_act_count_rd","unc_m_dram_page_miss_rd","unc_m_cas_count_rd","unc_m_dram_page_empty_rd","unc_m_vc0_requests_rd","unc_mc0_rdcas_count_freerun","unc_m_dram_page_hit_rd"
"sleep 10s",2.14,44181.0547038958,26701.7192578545,54556.2364921857,6362.36448692777,107.016612878412,2.58830877659414,190.937547442599,0.497751687806566,44249.7939094154,70.5454281141377,26902.9815858347,4.47749543742764,37.4610656027326,34763.7692488422,1169.8612561364,34657.8463629228,1171.29638011676,754986.300103133,1413.37766154762,2502.81895579926,172445.310818441,165556.153198144,26131.5793377353,751381.783308591,138694.689341459,193983.776314737,265037.271482185,208105.052597547,103166837.440312,27883757667.808,20742505082.534,172803.239209978,512088.829546206,142203.035268689,724693.509814361,38000929.1425307,114591965.866562,33477.5227994891,22243.2572206561,69978.9660830919,42171.4547454466,69978.9660830919,33877.6993950836,87680.8075884373,5459.49312669232,103023.381099302,187982.318598278,50694.5192017486,159353.966081078,14164.4997465203,676157.770503358,191149.122469221,644667.77798523,323603.037148259,440284.721912864
"sum_up_benchmark",10.46,1628055678.50196,698890004.553369,1528910300.65665,10087366.5842753,1579392.76964434,68.959044109169,4419257.75563612,1936.52519106571,1626382945.67966,319847.418847943,698381494.410173,74249.6308272849,1195984.26487705,1934387323.18598,7503874.20752571,1946326770.11527,7263709.37896301,3639522810.82006,4368818.51550156,18554410.8250821,2697475849.047,7658080659.63333,697333438.694418,3647587168.83913,936675768.217751,2137408660.38906,2620235605.45449,7961570136.8392,8662963910.48901,18930355277.6417,17138886901.1922,2713038441.82988,3658907454.846,2685800756.40418,3653163654.79732,2696560318.9496,2390553328.95331,1650591.0512346,1597063.29967163,3797415.09789917,2079199.63150886,3797429.86279583,1865355.04407063,165911.065777752,84635.7527995905,2180792.75053312,3305762.98526167,711251.766039448,1255489.52097156,33128.5819725563,3563418.64890624,1802207.61355172,4454263.35540302,2300953.99273297,2758399.00639195
"stress-ng --cpu 2 --cpu-method all --timeout 10s",11.055,1242411937.11209,561931144.341175,1632001751.87898,1251369.04277126,26395.8328942345,32.4526726939681,76370.9639699977,1311.90177474484,1237133407.39931,1081.29246616677,559806745.508526,270.149434869752,145809.910223313,1030028488.06657,15486041.9474165,1036626989.76067,15620015.8058452,6956278590.50417,62328.7225665461,150557.941199317,5162635856.00809,9439119304.88239,564910226.611814,6951081422.03679,2141701687.00191,11356415203.8071,2319255838.65068,9934301707.13731,3572929793.61206,20920174348.9824,17333058490.793,5162437918.97962,6951221702.29465,5153987094.9114,6957227530.92119,2690003038.87471,2390923369.86556,20150.2658349174,15267.3193786308,50049.9675415945,27280.619913788,50109.6990884623,21889.4751079724,19168.4900897795,2894.31650986215,31788.4186493886,49627.9295185685,12428.156923138,28123.1840369385,1919.06608075037,92242.9371382639,38968.7741936218,96635.270315872,49106.2898687796,58027.1007295671
"stress-ng --cpu 2 --cpu-method ackermann --timeout 10s",11.595,2076995251.5359,2074907557.10587,4488433328.64066,77054.5743553903,24185.5221622096,27.7846231707984,52523.0593341069,1194.44110395322,2079249628.35635,764.452513268453,2077205557.59954,46.0716932272454,88413.8054100632,5475975424.08567,8734539.61362903,5475328048.08022,8728881.94700694,6949361103.85998,53347.4639828251,100242.640681579,5157473279.47647,20409006333.7855,2076986968.73149,6949461154.16916,923008746.824155,3111320250.12504,781675132.850965,21037836983.0787,3522613890.89141,21001671380.689,17343810629.9538,5158471276.43305,6945769682.75736,5149641907.6007,6953808258.52662,2695183489.83704,2390452301.82196,17775.5056267731,13361.4138144302,45035.8766813713,25246.5922348877,45048.6157738489,21203.0251390153,16278.5502806504,2779.89113147716,25809.2642672962,41536.2962529895,11161.5136360211,24492.301960426,1791.56404538863,85418.0134886322,34504.7058587681,87602.7767981673,44555.7543782774,53076.2788078277
"stress-ng --cpu 2 --cpu-method apery --timeout 10s",10.44,372059649.481004,369998404.979264,370987738.09353,80198.4727004558,23815.3768857549,23.3329312977724,51667.5494641631,1086.81815312944,371971313.18457,729.646853834483,369913919.342787,49.3447389244439,75151.3567187134,736012954.836986,48426.4374135214,735751999.562807,48142.5877393161,6945374161.30831,54249.8014901926,102476.433367452,5154357671.46109,6967475251.97702,369658315.848929,6945202303.59421,7952948.15406614,17548154104.2061,207833475.232107,8096166236.87225,3612067330.25823,20944971851.2487,17358782970.3288,5160897677.50463,6949068457.52965,5152381367.28974,6957040894.81037,2695715689.30481,2390091493.48761,18602.6032206952,14462.7534858912,52972.659169145,29355.9144612918,52975.5437238661,23562.0376355575,13794.8873033584,2842.57137605535,27048.9723415592,42784.9943721108,13363.254620736,29500.0412181304,2238.06188150941,99701.2858399916,32567.1355034559,81748.8223682717,41524.5380157412,49042.4876855357
"stress-ng --cpu 2 --cpu-method bitops --timeout 10s",11.395,6286496.07924462,4185483.28348524,3312675929.20538,76586.1833231065,26108.4240774852,71.1934193227284,52735.0607846012,1248.516115152,6246869.31403908,712.044184170298,4159116.80289883,40.6485819423312,77790.2663445842,3087458416.7424,163249.520025616,3082788901.56747,165028.667815608,6950932168.74429,53564.2015264773,100859.074995622,5158245460.33871,23553107468.904,4255166.57142434,6942458988.38948,21781670.216995,1983306260.63,204821032.151489,23637995030.0694,3513958197.09519,20944061809.4105,17301801472.3058,5158851258.10796,6946444913.87452,5150691939.0557,6950124153.85588,2697660200.59891,2388487047.50241,18699.7003755829,14016.9438367876,57599.1155536008,32278.5109555803,57609.3666493487,26486.7413832407,13840.4740345841,2624.24341102099,27453.1336178533,44215.5020845651,11788.2205897349,25690.5117171278,1801.56441956491,88092.6771683537,36659.2434060862,95192.4489657326,47975.9130910529,58463.8910075495
"stress-ng --cpu 2 --cpu-method callfunc --timeout 10s",11.635,2781377474.91516,1876393813.97912,2026497105.03576,85462.4516713396,24837.5267459118,24.3206387221316,50000.2551753081,1008.95906927243,2779405159.51336,758.844678952793,1875062903.54699,50.1329883400262,96256.0878466509,5842717287.75092,6957903.68236642,5844063900.54443,6981737.09145258,6953216445.97466,53942.1301867068,102424.996281182,5160227067.84261,16966293602.4588,1876345577.12832,6952315732.41542,827644933.137878,4729249998.90889,2374223189.08124,17924860857.7575,3534586387.69052,20936240711.0227,17330150583.9943,5161146892.03293,6949671961.8645,5154151331.09031,6955302966.94832,2694012378.83919,2389882686.52594,19837.3617751681,15341.6480304684,48107.5074492411,25672.5046993482,48110.2941093882,20008.71747397,10450.6293673113,2385.16149425805,27055.8112411456,42697.5749427893,12817.0405603758,28919.1217642376,2228.22871302506,97489.8311387066,36167.5718143287,92038.0506386393,46879.0558614526,56041.4994240426
"stress-ng --cpu 2 --cpu-method cdouble --timeout 10s",12.355,3381407860.16232,1487998843.31798,2673849475.73341,120571.466221495,27211.862993428,29.1872650329725,53260.0078891807,1198.56411817373,3378652635.38767,841.305372042442,1486762901.18689,42.1049902910759,129714.416304426,2129646131.85534,11937652.3062575,2131703578.62296,11846508.8331984,6949941454.37162,53234.1292305916,104743.639369757,5155759583.4292,13847744698.1037,1486820950.55106,6944028336.05951,2337447401.63253,6643805887.19301,2295703910.22268,14593065985.9577,3503037651.95138,20928370204.5976,17314848075.9652,5158530812.35964,6945954156.77184,5149486373.98604,6948884822.2053,2692200470.56405,2390527717.42052,22046.6329364931,16293.6110906006,44710.2512936363,24628.3671424241,44715.9248170836,20221.7315274115,17762.707280206,2479.1723884053,27563.734637845,43311.8095198769,11011.6715325754,24884.0097761748,1776.21405738226,84498.8594235919,34184.163574141,87593.0877013173,44499.8402033919,53292.8857024859
"stress-ng --cpu 2 --cpu-method cfloat --timeout 10s",10.43,823965025.509503,453315381.296958,993075310.880563,106518.095226152,23983.0583905886,17.5650624402982,51706.1849916289,1081.29333530785,826366722.54638,811.275756262038,454613792.898789,44.0835192486042,90981.7688690601,566747236.984052,2953927.68397894,567503249.042163,2994720.59383127,6948804660.07512,52636.816188533,103234.417583321,5156998651.51099,3432960370.64981,453405100.229316,6945144746.47863,2012303036.68812,13918444684.1067,4756298703.81343,5165992075.13222,3516720829.44765,20957911838.4825,17273115801.5591,5162739717.09234,6951619672.0882,5153689294.2412,6952503105.64938,2697020950.16745,2390861158.41536,18182.0550694086,14022.6196298348,54882.1314644429,29013.0474937542,54853.6910049415,23950.6457025024,10710.686099946,2439.54404140357,25807.6351656987,40760.0805824441,11151.9074557704,24545.7409233756,1799.75096542013,84063.7163358869,35563.9178704529,94211.0285920908,47221.6679729473,58236.120709405
"stress-ng --cpu 2 --cpu-method clongdouble --timeout 10s",10.475,1266684145.13254,600236473.9422,1208003498.92365,134505.691450308,27988.8397166978,32.6746183429562,51504.9313735373,1118.68358971142,1269629765.0086,824.23228414977,601596583.253532,44.8426808420433,102328.541898534,890927446.075535,5618570.39571838,894091005.56641,5700306.6340705,6948853387.73797,53311.2732973907,103907.656486726,5156984339.85825,5913929628.35914,601716571.049336,6942285346.83987,1574833271.48964,13415430493.8684,4005002712.93303,6819211299.43626,3562434252.28225,20919521990.1604,17351621830.5926,5149579126.13233,6933634308.83853,5140325580.90681,6953235832.91841,2632783589.10697,2390681156.76231,17293.1863065351,12490.5242815836,57537.2181094507,32589.0550148685,57539.10932078,27677.579192573,13935.8626610305,2453.69310662249,25204.4470096847,39834.6854211399,14911.2749772054,31647.8416466459,2555.30887108123,104339.623111441,35869.0031991391,95706.7003018826,48100.9850918792,59347.4028073845
"stress-ng --cpu 2 --cpu-method collatz --timeout 10s",11.015,27770541.8722071,16662010.5729847,3489134824.43782,93470.8543761028,24803.0818052948,23.906345844969,52812.6890439448,1366.43117848319,27794988.9591566,729.375464630144,16667430.0951985,42.9044390958908,81901.3113862368,2908814369.29618,481077.807869098,2909841508.01697,552398.884415865,6954867194.56562,53862.0500972503,103420.540970675,5161544710.46988,12794640241.2331,16642122.2907165,6937892124.7959,47196135.8421134,934743925.174712,12014186248.1231,12852411614.0943,3534914949.95381,20928352392.7928,17331789713.3753,5158953433.34241,6946362577.0324,5150832986.33937,6949375079.19553,2642110314.43499,2390035206.03087,18928.860973031,14998.1380860635,153181.365527633,89129.7490844895,153194.502422177,80697.0570501442,10381.4637807186,2408.30537253213,25142.8314696131,40402.5961842477,12089.6714170532,27182.1825752679,2255.04040210099,96096.8421709724,33650.7639512606,82761.890691793,42186.2897437113,49187.1768140668
"stress-ng --cpu 2 --cpu-method correlate --timeout 10s",11.445,1679099786.97263,7902910.75674991,898376546.740596,83594.7587809731,28372.5157823961,23.03036461178,53728.4508759009,1211.27805600405,1679256715.54491,828.428614645267,7891112.19880832,47.1487649121138,66161.4310366708,850027836.624661,2042410.30639179,850223564.223342,2042752.9518848,6949946127.8262,53627.2656581767,103695.448025157,5155721746.11247,9342149059.95828,7877663.41066107,6940092860.15496,280908066.161209,16130292612.5941,66326795.3430703,9390257172.53767,3502296902.48745,20922765910.4266,17285999587.6021,5160838981.40549,6949102386.91498,5148302590.56417,6953122194.62336,2701073874.43773,2391056392.9178,17476.237646729,13641.5264939411,47660.0006511417,26145.4842705948,47674.9235320523,21954.9403391549,12726.9595660213,2610.1253290085,25168.2486185366,41561.7772893143,11571.3388155248,26398.4908377977,1894.63138511611,87987.7400670068,37986.8755509498,94919.1682229222,48127.0463271805,56954.9842972887
"stress-ng --cpu 2 --cpu-method crc16 --timeout 10s",10.14,144423961.113723,4919540.42742525,839964310.470313,78134.8424547566,25884.3094029116,29.5311033769818,51702.1242743938,1235.74784936565,144342644.14711,736.668686731262,4877805.61157486,46.7426850936851,72024.0504250572,143206573.438833,300171.518097529,143197129.670473,300851.984116919,6954653440.01761,52732.7457424447,99655.6166963993,5161412319.73729,9120301215.03971,4909307.11206347,6947145645.2158,27173169.4028521,16646756740.403,28561755.9478532,9156197833.01224,3512815458.26106,20982628657.0993,17303388225.8146,5156678069.25815,6943527913.681,5147276803.65843,6946581449.95651,2698305974.83441,2390733232.01113,23888.694669764,19512.9023246464,51564.2065487507,26792.4327190346,51575.6468683781,21335.3007757275,10691.7601539576,2656.71691302924,26645.278634805,41861.8249967392,11190.3458516804,24731.2506304157,1733.05773602084,83968.1378988588,35620.8034521028,92244.9599324059,46388.7084447139,56666.430757668
"stress-ng --cpu 2 --cpu-method dither --timeout 10s",12.255,2224241829.18743,1932538576.55767,1871691234.19714,83880.3378155866,27775.9793942513,10.5206779813426,57105.4460692949,1386.64520827676,2072656881.46035,883.796396240855,1800704512.87718,113.080666739871,66107.9935511268,1994826768.01327,438020.776557699,1955811862.42447,430783.634677146,6952307300.81905,57850.6795666593,114006.360823659,5159534552.86771,13676745138.9056,1820082870.41379,6950569824.91414,40376737.3313031,9782930022.42471,2603448461.16766,13359862087.8672,3547692667.75087,20941659532.7291,17288511198.486,5157440758.73196,6944877590.11713,5141568146.00309,6947397828.55502,2702265643.41595,2389115917.78963,21044.0725990592,16205.3431157898,47130.6373633611,26316.594491499,47143.9722987435,22286.6576016228,20321.5767595131,3040.87434472985,28289.6325838028,44621.8090374326,12547.3869167259,26949.939690141,1988.85716561109,92741.3824754518,40249.7970393646,100602.749398824,51114.2320258625,60201.4962964299
"stress-ng --cpu 2 --cpu-method div8 --timeout 10s",10.31,6298016.14364721,4215836.69861722,1004337182.90143,85128.1489576744,24026.7137093182,1.48890226986827,53046.0145099588,1411.28083153247,6275004.79629357,713.394801725503,4199586.37686798,45.8525874230916,66083.5055344615,857192504.432208,3842408.42179744,857551226.069953,3844480.5481396,6948717927.75401,53249.4507015974,103027.267343318,5154764239.01003,6000359238.73572,4200239.8105078,6948814984.52331,473426842.3185,16728524464.7088,77082637.7568395,8578394420.66949,3520865919.65699,20970472365.8978,17261285986.6453,5155504926.82811,6941922857.80628,5146415376.94386,6949374771.94531,2688826222.62695,2390855224.9321,19029.5056199655,15548.8700038122,51157.5781157473,29057.6659858821,51349.2484858637,24512.1125978048,18670.3971793933,2403.82284060585,27301.7320837369,44293.9606290949,14794.2526116192,31915.822904275,2600.85061645209,106620.253695806,31606.6233678366,79443.0348207679,40416.8864112522,47849.8461313023
"stress-ng --cpu 2 --cpu-method div16 --timeout 10s",10.29,6279655.58393315,4202339.32883541,965402224.782707,77040.2100794081,24145.1429395173,32.6425156030719,52323.5712947806,1216.9010755978,6245132.66704749,721.046013076774,4181515.56366642,37.3434298783563,67537.8183229989,853025722.911976,3823693.37846131,852424375.209202,3821499.39542579,6951483663.68583,53078.278430187,103462.468989751,5159030803.75731,5980540625.94071,4201198.59761802,6944657637.94629,424647987.971753,16563268581.7308,327640926.199021,8551264619.51991,3535428201.08526,20988648915.6945,17311876239.2441,5159124588.28772,6946899171.56417,5150141568.61953,6958440178.81265,2699403536.22138,2388898519.79521,17457.6207715866,12958.0370875181,61659.843600953,33456.0377916601,61668.0068152397,28094.1001733906,17365.5579672553,2667.76622877516,26112.4238447703,43217.8527116817,12110.156253596,26542.6677568828,2035.23420797481,88688.9420257436,36329.5865918055,91381.2279566202,46096.5419894512,54971.6202489738
"stress-ng --cpu 2 --cpu-method div32 --timeout 10s",10.325,6261439.96397546,4193585.28254402,964993819.021607,83744.8825043239,24853.8895124725,36.7455411156989,50608.4420313727,1166.81989883337,6259784.80060848,743.649864238393,4191604.04001259,41.4737349235021,72345.6025628258,852404730.448997,3821996.91859525,851877426.884138,3818804.07501241,6952533088.80381,52644.9116785906,100200.232855087,5159821342.28255,5970048228.44791,4198750.22910513,6952046551.25946,405081874.560937,16515226173.848,412966884.301776,8531016333.20456,3498183355.18111,20940679527.2001,17319912660.4093,5160159204.52587,6948042775.94175,5152002337.8998,6949678005.83394,2696416404.62674,2389790860.28202,21837.7711538792,17517.0729020273,46352.9269990789,25667.2783196846,46365.5692132168,21460.606451548,12227.5915730343,2402.79575208176,27057.755652549,42695.6867285483,11602.8384814595,26510.3382884013,1988.31020363226,94348.6481065579,34849.3343933784,88009.6262228389,44850.3875574941,53453.5650008916
"stress-ng --cpu 2 --cpu-method div64 --timeout 10s",10.33,6286903.55083499,4209881.57298556,956214214.777905,85779.8690640011,25197.8843430655,42.2854909343041,49432.1359490647,1018.62372762401,6265078.66997255,721.695072903066,4193704.3067055,41.5599554076944,69524.8338651336,844079323.760346,3784741.85542665,845067961.094104,3788579.66396543,6943796458.58788,52392.3061624494,99178.170223179,5153191784.57068,5925287440.22974,4205911.15625325,6946952589.24218,388241011.961634,16547117062.2748,454490699.682148,8469955415.57938,3535659790.05231,20985295347.8513,17344975800.9198,5155982690.62262,6942640926.49339,5146535027.61156,6951896543.10765,2689506681.09214,2390219713.47487,24477.1991940117,18892.1192429586,43806.6515598244,23549.1581632165,43824.0693553662,18402.6474668027,15697.8692671048,3811.51958488529,35121.4964411474,54754.0557772432,11414.4620541902,26094.6917609965,2049.29059959221,86407.6897355033,44924.3486677376,115412.652834821,58286.7938631505,70557.1740294846
"stress-ng --cpu 2 --cpu-method div128 --timeout 10s",11.605,1455778764.74122,468253823.797147,3371023556.7136,86197.1054196084,25515.5321678506,30.0903591475549,53419.1266011178,1300.14185465277,1454458515.62066,758.206786488628,467832543.227703,41.714284821224,59857.5315297304,2304198153.05919,25634409.5664507,2262692492.01197,27450073.7957104,6951166842.95184,54226.3461248566,104286.163288865,5158790072.89085,15374743606.503,458481166.416937,6937414667.21951,4141914581.05675,2444658593.20855,2998436117.68651,16261648366.7827,3526198054.57054,20978389277.9763,17268925344.8235,5162460518.88155,6951072564.15632,5153620206.91339,6953097766.56538,2685424639.80268,2390160751.61077,18612.4719141648,14439.0345040716,48229.7582129755,25108.9474644555,48241.5029004588,19531.4152848511,13462.4347976204,2467.04714871614,25773.0040481805,42886.0798128416,11886.5830691025,25484.604171355,1773.19659079924,84802.6545666503,33884.8913241438,90320.4981392519,45391.5405007741,56437.3982289466
"stress-ng --cpu 2 --cpu-method double --timeout 10s",11.58,2601095850.29636,842994526.038842,1727100883.15861,93828.9809635791,25791.2814926226,17.6751911790017,51820.6815720275,1097.15273784713,2605630725.32852,816.453592080918,844448231.383802,44.3821908865585,115975.775236072,1019641402.86571,11732655.3360503,1020288350.8611,11817796.0168009,6952168758.66443,53023.6179459627,103209.953631687,5159443025.42064,9054177122.24195,842755344.491307,6937762315.76835,2809018020.73242,11450019630.7541,1789006714.72682,9823083751.06116,3519097539.65575,20947087379.0344,17305089522.7338,5158915209.11338,6946383408.75546,5150596704.6942,6953097500.59043,2683277201.93227,2390093884.37026,19526.8817861841,14975.2169550808,95779.9650783116,55547.7062951897,95782.5514918068,48447.5038635434,20610.3432506584,2892.52781481236,27872.5720311246,45232.0194271411,10788.1848116655,24009.2767448366,1973.7252732332,82039.2291007673,33283.3172287991,83967.4474060377,42847.5666642383,50859.557054167
"stress-ng --cpu 2 --cpu-method euler --timeout 10s",10.71,869478674.967781,732557872.296156,733519519.085813,86214.743666144,23620.3713928643,15.1018404709172,51541.3892766768,1152.6082322573,870272997.570759,731.280654638586,733223633.366488,47.6792602861344,80311.4921425884,1327335128.5319,40578.2133796257,1326198538.71924,40884.1943516966,6949169941.22022,54274.7543062807,104120.109816235,5157338522.47065,9028964730.24131,732173392.276668,6942864645.14155,6812507.81463776,16551072863.3801,132485133.502416,9180105827.10202,3550510052.57962,20996019271.187,17320386891.7681,5162242451.02807,6950989270.55197,5154863537.37389,6951929118.4697,2695551650.93342,2389959510.0761,18374.6174758778,13718.8043452162,54857.0162539527,28818.1295962415,54857.712183145,23678.5930929234,12617.5962336451,2673.16978356647,26714.7802992487,43671.5255937548,11012.2814731259,23907.6192838338,1917.59413287458,82104.700144848,35803.0545525452,93103.6698167639,46695.3776132636,57130.394719595
"stress-ng --cpu 2 --cpu-method explog --timeout 10s",10.47,1619718180.03853,336314316.434966,1096525419.82437,81093.8102380811,22093.3426410408,1.28992519652711,51518.5208741265,1308.08337429361,1620642239.4748,829.700701765438,336516547.381138,53.0039687453935,96316.650399437,953340682.067067,40272.5624417829,953267282.092621,40382.6560272652,6945209702.91021,53644.9799646426,103287.15111645,5154363612.64204,6052133283.73309,336451158.792653,6947789271.68792,6269081.98581381,19281838841.8566,356434420.445567,6221957598.36325,3517786064.28931,20983418753.7552,17338469588.4856,5157535421.46402,6944891116.77419,5148882254.74228,6956378304.33374,2696506507.46719,2390105671.36852,18593.060851408,14160.4336034732,42956.4364417331,22946.9706618203,42968.6627919116,18364.9719802959,15638.9287879607,2700.30969648637,27654.7894841108,45619.8694905659,11643.2230778442,25973.3055075981,1943.35724563949,89238.0689340952,39821.2951592023,100623.514589693,50591.7967005847,60647.0564139923
"stress-ng --cpu 2 --cpu-method factorial --timeout 10s",10.17,528240440.082103,341805673.040092,587486205.149284,98840.4342957502,24650.1676029261,15.8793228644919,51383.0076452981,1252.38234516889,528831204.26163,799.34684755131,342188087.105888,48.030276128471,89262.7020116933,227932587.361345,515387.923793872,227923042.541062,512824.871547985,6950003704.44651,53720.5473483594,102821.664313003,5157740593.81155,2850129204.80146,341855584.595549,6945807747.54758,1483941497.39621,16060058845.1467,4336621660.64356,3986145270.12886,3541716609.0584,20956023564.5097,17305945984.302,5160685233.52586,6948817531.56939,5152133148.62805,6952629568.45698,2693623375.69497,2389837186.93489,23031.8276727917,17609.2963472674,45240.9490301058,24858.8437038263,45255.0734296351,20793.4038618664,10319.4579620923,2311.98198261875,25590.9744065769,40845.3797968012,10946.3740063828,26253.2462135608,1898.6810669156,92412.2307253515,37003.4531049659,91643.8409892466,46775.6946980398,54708.3688684637
"stress-ng --cpu 2 --cpu-method fibonacci --timeout 10s",11.26,509436811.72688,255763614.259615,4886600781.3836,78375.5259039558,25313.9425702387,24.0282334976711,50770.4658979263,1166.85867795302,509029718.287023,676.33309510893,255553035.902004,45.9422275580157,58989.0441644475,5037372784.92086,41206.0593958592,5039992158.06276,41290.3866224785,6948668890.98349,52506.8004590196,100004.080656604,5156929212.44858,19859858102.0668,255196341.779611,6944024330.68402,5365683.3870014,189621864.045715,5382666804.77324,20285513042.966,3525871720.15966,20962772211.5728,17321453049.7149,5165515120.56508,6955047516.09817,5155743503.1511,6948753372.79443,2700426660.29668,2388433486.14846,18650.0446856894,14660.9590046175,47347.2923299629,24978.7663016315,47354.8562244522,19786.5508344385,12025.7486040315,2464.22259589405,25240.0203670471,41232.9862308039,10485.6353049361,25078.8902850272,1756.88127214575,84109.5833330505,35813.1439732999,94159.7253481264,47720.5262553457,58363.1082053615
"stress-ng --cpu 2 --cpu-method fft --timeout 10s",12.765,3809065841.39205,1682344869.44526,2467391065.56839,117334.349812546,26336.072072316,17.5686305988766,54055.4008453435,1151.09270652639,3811299054.17093,845.411398463251,1683336771.6926,60.641742716723,124999.739521841,2064225921.25989,1854582.68579462,2063592665.50778,1860961.48164166,6955024025.57419,52969.5745191451,106278.238406992,5161576769.78189,16379359584.4662,1681182366.35239,6945998215.47692,372769080.909574,7096738734.04659,1246786731.85566,17146271196.1027,3520994667.98543,20982365379.9576,17316830797.2836,5163389353.88506,6952478472.92567,5147511931.83534,6956705400.59696,2691528999.27083,2389022053.19285,19500.4532350075,15262.4134803206,47955.7004339732,24966.4285963615,47957.7894001603,19920.7794580005,11747.0216691416,2268.87345442084,23812.4258612681,39431.6754716747,10429.8468902097,24153.5077773772,1975.51193090025,83279.4997833335,35368.8989417464,93055.066830392,46915.8082834005,57716.628626928
"stress-ng --cpu 2 --cpu-method fletcher16 --timeout 10s",10.28,433955213.527141,6732807.35471453,884349282.854955,90325.2953009412,25507.2552779328,14.3993771400217,50715.0035113532,1249.46871155691,433728483.580691,694.558888399391,6587179.04684972,46.3039258932927,70361.9333316767,434142159.279986,848442.343691492,434388090.836902,851164.684134846,6947762718.20941,54717.9106845058,103700.580383261,5156326628.428,10273987339.152,6610386.06306405,6944268182.87509,81467653.2400621,15435263092.3065,28908599.8739836,10318628526.6793,3531819934.32723,20977497344.9115,17302250589.8953,5160441983.27652,6948700574.84005,5151729459.94289,6959000114.57049,2698549019.90678,2390621476.65496,19478.6803552553,14987.0991288712,55161.7978267387,30325.7904409137,55172.2450804005,24822.4757048918,15519.2496090077,2260.31964529816,26776.2703041948,42783.5841789265,10927.8700202983,24241.6205046414,1758.90253150336,81912.8403989908,35384.7185830314,87391.6371814109,44583.0799053366,52157.6690507842
"stress-ng --cpu 2 --cpu-method float --timeout 10s",11.33,1483203046.8511,380908959.728322,1634353231.7637,100757.301612679,23252.5196082558,29.6367011644457,51684.4244427555,1116.97653987337,1483133961.97385,858.625725084928,380894975.966631,43.1694625996237,112796.721308198,820648119.999472,14574443.5865919,821766126.489332,14488133.8834875,6950129163.97544,53244.3209279363,101767.062437716,5158011339.17799,5312225887.74937,380728223.956068,6943315858.64478,3291177966.47055,13661388438.0302,3431650895.8532,5342097987.79782,3500612711.8007,20952225612.3365,17290664297.7144,5157216616.53377,6944055995.8689,5147966613.62344,6948385889.17413,2704169740.25598,2391428349.02738,18606.8819756337,14825.7724120458,49163.4413790706,26591.2908401004,49174.6902732606,21922.3029170903,12973.3568823686,2308.06817050906,26698.6914883647,43095.1488710508,10381.4356713913,24715.9744580943,1793.01142887212,81608.3395387902,34627.625008721,89783.7070581514,45418.7856953893,55201.4694819651
"stress-ng --cpu 2 --cpu-method floatconversion --timeout 10s",11.46,1295960123.97292,649072843.2524,1294911661.30239,89072.4514047047,22258.7322140368,5.06297679867928,51563.3411988473,1369.18776485068,1298258054.27398,779.146207982093,650220082.253823,46.8958186900724,59068.7536572728,650296794.410398,49191.2928974289,650856457.708805,49522.4874815655,6941673381.32097,53712.4751250319,102275.207409282,5151809948.11414,12299900921.7028,650360000.268099,6952809523.64567,7399722.73821728,13495269783.761,24333036.8684608,12342422234.5021,3534182020.35625,20951421152.9289,17284928278.0824,5163745647.56622,6952933197.88213,5153517278.30158,6947958062.31252,2694499978.76377,2388619710.38164,18847.1394535583,15192.3350441739,45206.4531396861,25255.9407504674,45226.9531723689,21643.55635054,19985.7296385994,2570.89316676082,26740.4499907523,44464.533210524,11658.4308668287,26227.4138853045,2124.91704530069,87953.7112368777,38909.8960187384,98921.7687566531,50114.1709246009,59996.2436350172
"stress-ng --cpu 2 --cpu-method gamma --timeout 10s",9.64,45152638.9667977,4124114.00636178,784823007.84723,79549.3608153435,23793.9462845192,8.23886669704467,52927.7700867193,1346.80654633135,45074193.276278,762.814481889696,4096540.80767014,47.3908659141246,57531.8566521077,121092538.924923,40426.4287154581,121327192.002838,39554.8715322043,6954514698.2418,52943.0389551877,100938.128487937,5161363714.03502,1191034963.50677,4223276.62426035,6938219112.59215,5537270.8498854,15477002022.7662,6633780276.41153,3744486686.86393,3531149064.77057,20969931693.9364,17272769710.7867,5159256739.25793,6947452782.40049,5149857789.83069,6955560068.79768,2698840908.38988,2388036063.54427,20919.7257063052,16474.0542130817,46224.2547193764,25680.7276045493,46238.6858965275,21211.2427528058,14682.5044657642,2522.42337512061,27464.5079738916,42452.0519995195,11413.6411521269,27116.7993356953,1879.92192750069,89423.4369957064,34384.6130178515,87070.7168178385,43823.2709410579,52580.4861457102
"stress-ng --cpu 2 --cpu-method gcd --timeout 10s",10.35,6159871.37096925,4114443.65536946,1532998815.2462,88582.8324692398,23735.7965570856,19.8536197509792,51028.3690925591,1054.52501307326,6150144.00910811,732.344822463469,4110143.67913894,48.4194923942789,13949.6971192929,462733927.120413,26445812.2837901,463240243.856112,26386361.9612813,6952545868.73207,53183.6829274438,102481.061161253,5159882744.01595,3894862652.76582,4133468.40700644,6948692461.32064,5181501382.33789,11194918540.4257,4179005893.62452,5294508728.83476,3531078116.47343,20954259403.6802,17312703533.6428,5159719877.3411,6947739441.15095,5150945610.84829,6955830817.83544,2696890129.91461,2389348468.75407,18059.8439214843,13387.9597585952,44210.9399500384,23821.4215165902,44230.3438498677,18842.679341928,15821.9709481227,2637.16102972334,26383.4535368189,42577.5410631791,11864.6305675568,27211.2127835119,1895.88072432586,90864.139206205,36755.7538549011,93479.73813614,47529.7484526235,56605.7013356175
"stress-ng --cpu 2 --cpu-method gray --timeout 10s",10.46,6524163.72224804,4264922.30163369,831418534.533614,78676.6623563005,23607.1355444246,41.5975145638716,52785.0618638432,1233.03372525844,6505151.41894704,675.914990737741,4255726.18626393,50.8326197499594,67554.4816957308,282641141.379635,73993.7177358464,282706465.524291,73086.6586500332,6948181736.35125,52531.2740588987,100249.143283264,5156556932.3879,6970923297.62486,4241290.96709652,6948819187.79441,9114029.7573637,13256881568.0774,24616385.7372473,12573820678.7662,3532667404.21028,21030158778.5682,17285306862.1404,5158521686.3684,6945843545.76556,5148900588.66691,6953408340.4501,2693587351.12176,2390688370.30674,22849.7720379397,18244.6995103044,46277.4666067836,25322.9489947506,46276.9689953353,20121.3170029267,14299.9287979123,3099.8230291211,36063.2094930673,54172.7752915973,11729.4971418655,26920.7821911705,2009.48294520727,94564.716975847,39216.4686203525,98161.7532365962,50024.6286149535,58631.2646257936
"stress-ng --cpu 2 --cpu-method hamming --timeout 10s",11.4,419229021.905857,417207365.998123,2276947444.32325,82953.6745408654,23756.7125884886,3.57322904897738,51286.1595145225,1284.57584310737,419583533.680846,741.058951563479,417566366.349102,55.9046214297519,76990.7060413784,934911106.895973,40640.8764468074,934332899.644523,40948.2641276644,6951315741.36337,53110.2078661789,99449.1946285493,5158879117.34897,23187569094.3459,417796674.185209,6957066970.92609,6543268.21755452,2176906336.98812,435697776.016912,23232617508.3633,3477523089.6396,20955701423.6287,17288161305.4378,5159963850.87935,6947776498.57799,5151406014.48203,6952953681.00354,2687643467.7141,2389645733.70827,20044.7559726939,15164.3983312918,45297.0829128584,24543.353278584,45305.2463431856,20306.9311549054,12685.1175683309,2045.36371138033,25731.6032994336,40982.4348234447,10037.2546264881,23297.7649965602,1764.85548003857,79865.9331653876,38390.4985138726,99640.949507644,50306.6068234876,61333.5632538391
"stress-ng --cpu 2 --cpu-method hanoi --timeout 10s",12.39,3921580789.79158,3918629780.07585,2313838056.32667,85062.4839470367,25732.2115708329,37.2484341043092,50095.1707039914,1050.00852511107,3920746067.02149,729.408942514373,3917806962.77102,48.2901243888662,87418.7606770294,3607594613.40161,275327.873322533,3609639120.46151,275883.860679724,6947714203.45559,52602.9797679064,99153.5531885075,5156253164.48914,16953356338.9022,3921774538.52341,6949019865.36615,29811542.7421285,1161683458.28281,6500834271.39926,18167307948.3654,3536797817.04416,20969324697.8394,17312366289.3204,5155825330.5225,6942442395.34885,5148344451.3506,6943217105.23309,2699348910.12324,2390678696.38441,19543.4498807348,16108.8070859425,48187.9373012938,26415.9097149561,48237.0820693216,22081.7192115817,16913.1118081301,2768.31504574626,28287.2043859602,44195.9819678853,10787.2091935119,24376.1565620952,1926.34419329054,85112.5446658184,32625.4829615857,81761.7810622759,41581.8354440479,49170.6288779409
"stress-ng --cpu 2 --cpu-method hyperbolic --timeout 10s",10.31,639097901.323729,216879912.605836,1221797308.1709,100995.615427877,25361.7289630747,21.9220501761585,51523.6623549777,1282.09275351515,638915942.998193,839.211817149599,216824014.94401,43.9913424443583,149742.732375243,437415902.359357,49880.4950115181,436673747.710617,49410.7509192696,6946029340.93716,52096.5612932062,98948.0721154853,5154959449.08713,2873289729.04332,216708690.456246,6947932182.99092,927878187.462843,12326802381.3215,8033302692.89929,4519937769.19079,3524040100.20537,20959585866.3759,17325916676.4636,5160775843.0486,6948894012.46251,5152447984.58713,6946713825.09384,2693212195.70677,2390668126.57495,23443.7860644875,18260.5219874848,50185.6199613128,28028.7172597494,50201.1435953067,23865.7960770566,18340.04128466,2978.85067572347,30891.2543631515,49684.7071138447,9913.56522653654,23031.9896986303,1811.24312269098,78852.476313437,35529.0930429212,90583.8691340134,45821.7983795953,55048.9036453435
"stress-ng --cpu 2 --cpu-method idct --timeout 10s",10.54,1860446931.72937,630451153.667595,1127141434.345,77666.3998022045,23306.0308546731,64.4345074833982,49451.2506315384,1164.09029313227,1861730123.94658,847.99641426944,630882840.498566,47.0833197099349,102825.053772247,829664601.420106,1273998.56697275,830876869.259355,1292388.0009903,6958237664.27426,53891.2490587842,101555.850428196,5164049022.20688,7046741123.42281,630451821.941624,6948153429.02752,272981809.006527,17156017120.1757,968606875.168456,7481000826.06578,3578192321.68122,20962991030.0381,17303424955.1215,5159869753.91509,6947833779.14178,5150638463.94948,6951824225.45536,2691066550.70729,2388880370.21622,18881.9448570324,14756.8715716041,45187.9703078432,24266.4505790533,45199.3174918019,19414.334996319,16337.3434252724,2511.00312064224,27284.1705999176,43958.5767855584,11656.3075319739,27181.6682779945,1985.61454513989,90462.0636801502,32258.9585918956,81719.2009856179,41658.9536259629,49742.7882414722
"stress-ng --cpu 2 --cpu-method int128 --timeout 10s",10.56,176411369.508485,174325773.05796,1153315195.98337,74531.1591593298,24154.0410692373,46.3685464092286,51625.0714958474,1119.00110927624,176288099.107069,774.536195068111,174218557.47403,38.2597427638213,75702.1223585322,46702053.3781444,81704.2348567114,46954252.6135977,81303.0674661998,6947351039.33486,53381.900232095,99993.7747688781,5155913477.5205,9602860001.00315,174379511.284299,6943277560.27996,9725000.44487818,2478205389.35314,9337651963.82142,14127652725.5824,4353081090.49277,20951881617.4679,17324544851.9769,5157188846.00425,6944176451.24871,5148113261.84028,6947570344.45392,2693495742.46275,2390204128.03722,19639.4026619473,16065.6707239686,53509.1342821876,30069.5995596404,53515.8998575189,25377.1755986598,15152.0118354085,3136.11361475989,31212.0816963358,48370.4579878653,11370.4765632706,26485.0968700524,2119.44870990904,93511.7292459478,41846.1957422248,103868.726459242,52936.4509498627,61644.470802298
"stress-ng --cpu 2 --cpu-method int64 --timeout 10s",10.435,8378363.5335388,6352383.14659622,1137745932.90763,72687.1411958642,26485.2635490522,41.8124599854166,49822.475924333,1299.96030581738,8384947.44543082,721.028856219965,6358366.30609843,45.281525745256,75184.4549112478,146570235.983666,180565.756323302,146626791.891738,180570.096405234,6950154945.81092,53027.7333835816,98759.5451968796,5158271128.31465,12022275884.9951,6359450.69203739,6947164830.01467,18103945.2581104,12899483755.5077,310534005.004321,12640623722.5571,3546625819.72366,20993654192.2783,17263342211.4279,5155250942.95877,6941570575.02987,5147971054.24973,6951303071.59509,2697306108.41435,2390518932.00415,17877.3640197682,13804.6414811424,45232.8271513705,24531.5899420082,45249.3437254833,20034.8033936556,17212.9166029386,2651.60590755283,26834.9438449257,44526.8339228214,11136.7930788823,25042.0095101229,1769.77653334899,82195.2815608065,33983.49573237,88165.3474178949,44595.2750917386,54290.0559195464
"stress-ng --cpu 2 --cpu-method int32 --timeout 10s",10.44,8332975.04723438,6148033.63140789,1305557830.15394,74434.6833262369,22745.2991687463,20.5299490615578,50860.2213913177,1063.59021128573,8337402.88566893,683.047122982789,6150459.36462566,52.2978111015444,83252.6852772022,163357849.562999,198398.799343904,163352321.726721,196602.907952283,6947303349.03342,54444.0842009781,102508.157513041,5155908876.76209,12941906822.7385,6165618.9129859,6947799770.88602,19693465.3487799,12697707678.7264,131688606.169557,12987871817.0286,3587998049.59802,20907314869.4098,17216164388.9607,5151981359.2498,6937168564.46105,5142096242.15138,6954530491.72254,2694017547.75003,2390619096.36786,20830.7973401126,15860.4913254962,43577.1293903864,23403.4257367869,43583.2958292481,18307.460769698,15705.0545493929,2514.95860545066,27362.3674268502,43170.0388166032,10239.908528521,23840.2873200966,1724.28437778527,80147.6532832972,36834.8042469868,93647.8141546327,47600.5520101465,57021.2032955855
"stress-ng --cpu 2 --cpu-method int16 --timeout 10s",10.38,7746470.51640382,5560466.1850382,1141103983.47432,82041.4204103827,24306.492036915,16.3797735996103,50567.736328072,1149.26447856175,7720687.70836503,715.550736991474,5538538.96348502,49.2970219413311,70645.2557181252,172482038.04644,206346.714220073,167525616.612854,200863.47884319,6945941512.72013,51972.7473356886,97561.522335023,5154811011.67872,11347948341.1604,5535176.90281794,6948143623.56017,18476109.0628596,14264485200.4627,188428039.074452,11668994978.415,3551580946.67123,20616688278.0759,17304487716.6841,5157635304.82064,6944745981.37838,5148888256.17561,6953154031.67584,2694249216.02802,2388517066.74031,19989.245885451,15875.4596590264,55998.149207749,31264.1866151435,56011.0898059462,25567.6357456917,11090.6947004602,2566.24350667665,26147.4563834494,41979.3762881349,13038.0318217262,31251.8917186361,2422.58406841144,101391.700738173,32340.885387781,81756.6404682969,41707.3658854614,49711.6119524233
"stress-ng --cpu 2 --cpu-method int8 --timeout 10s",10.375,8864857.74585004,6587033.87072532,1190222598.68894,100072.102108291,23507.5375908953,20.3563713118248,50754.4909420867,1217.80750130839,8618384.67485412,701.304528819259,6439827.78108502,55.3060487827166,82141.1389269977,173978150.842025,208804.814382872,174089886.739991,207963.681693494,6953521041.62981,52178.2128810087,98787.8894205213,5159825273.70371,11990678944.7005,6458704.65351872,6948844142.412,17985115.4311958,13651079302.2744,143991127.924996,12051289591.0915,3521910038.46127,20967970600.902,17356949370.381,5158816592.5844,6946346771.55325,5150189853.25918,6948267851.05011,2692941750.5606,2389416152.52671,18716.3985009932,14377.4035064419,44586.9194269288,24944.581642233,44591.6966715119,20683.179948227,20591.3318863581,2892.68211529696,28201.3125203513,44750.0131998322,10227.5240004526,23622.8924704775,1796.98943161177,78907.5106786825,35101.0132657542,87996.731086226,44423.5226829106,52988.3617753346
"stress-ng --cpu 2 --cpu-method int128float --timeout 10s",11.46,943941536.773173,553838485.975617,1960039296.49207,89711.7199668672,24768.0231065611,3.47638105384375,51215.9328635124,1209.28398087279,929887465.430064,815.021076059865,545601551.915568,52.8254401149912,96774.7111238854,1066179237.95923,72207.630519741,1056012139.68503,71720.0441624602,6944128597.45581,53153.5642340717,100596.893391569,5153401404.7768,11483821042.6002,551842104.730221,6947651559.80571,8366625.66002924,541704570.400153,10399484349.8764,14856636808.9337,3510365529.81124,20996375986.9736,17328622686.2917,5159794457.36282,6947759278.43101,5151296940.62548,6951844469.201,2693064944.45454,2390732200.5713,19732.237060894,15136.6972721825,157837.216080691,91604.4026182911,157850.356050356,82683.0600317677,14992.0072885641,2768.42259135109,27185.4441980695,43417.2916933194,12223.2355122152,27210.5727691603,1946.80424256157,91856.595740539,30426.9991074866,77895.0847677886,39698.2278003114,47626.0670627491
"stress-ng --cpu 2 --cpu-method int128double --timeout 10s",11.46,1607248671.21079,823604620.800197,1680204507.6434,107362.061963497,26111.3004619913,13.1080825612406,51630.3539209884,1149.8370301258,1605112578.60031,848.29679891597,822513503.49809,41.0001846638146,119863.496751725,1074590108.97088,6309497.03457644,1076801010.41848,6247314.68377753,6949740943.05159,53610.8460401902,103929.332943757,5157790807.57747,10515078812.876,822546182.553996,6943005170.61306,1403532311.04249,6561172836.16479,5431956856.61242,12395769842.8889,3511484676.77807,20970003514.9352,17349432740.5925,5155989693.63639,6942321571.92898,5146394964.92018,6954143774.55048,2691641583.42756,2390743664.9667,20378.0693625382,15174.9780155379,55175.7567019394,30547.5901561323,55184.8145050088,24844.558456499,15091.7775442804,2427.08361696631,26233.3475923721,42600.782447432,12560.3036723249,28291.3839273396,2293.04607426838,93520.6929333459,34835.6533605227,89159.3094093535,45391.4806264783,54268.4128675409
"stress-ng --cpu 2 --cpu-method int128longdouble --timeout 10s",11.34,1744741768.83948,764265118.346129,1776458756.79894,90314.3457822904,26126.0813633362,27.7039135736795,51992.5005976575,1089.78656441266,1744058774.69444,835.535729089511,763965151.641212,49.1316447967816,129178.870318311,1537028587.14761,11529008.1226647,1537594843.29373,11602092.3813278,6949847448.55474,53741.5660681601,104280.855055355,5157763607.52821,10013583828.4909,764106907.66158,6948254051.99399,2066210472.14809,11036084262.8183,2207716451.58072,10554475841.9476,3491411352.92447,20994656579.3753,17288118490.5175,5160587616.8989,6948850296.48916,5148171210.84158,6948283467.91637,2695892089.71172,2388144056.84107,19740.3249498857,14620.8139059623,46934.4737374138,25851.5276716564,46951.38465952,21379.8819627391,12111.6793020628,2903.09022870715,29082.2368732068,44822.5551184814,11853.9084195592,25331.2897164239,1959.48729918767,88386.1168379918,32790.4323547314,83441.495598796,42440.2245426133,50602.816272691
"stress-ng --cpu 2 --cpu-method int64float --timeout 10s",11.52,1432904285.1037,772342939.096898,2473030273.40942,79049.099485318,25083.1206174666,26.9048042055382,52083.3326342282,1110.14583256948,1431413888.1542,784.490657189361,771542137.822356,46.0298008264875,80203.254855872,1810781200.69384,94815.5214128417,1809584984.43554,94514.8199210116,6948914094.43258,53317.607989121,102167.733115374,5156973337.50705,12397376388.7533,771140498.139452,6948617609.5176,15653833.7616544,12173379424.6611,1018626001.48972,12673790775.4311,3540133794.8879,20934536747.5413,17253421828.2919,5158107682.17662,6945278833.19391,5151124326.82461,6957713069.66448,2698141856.12,2389499559.73379,21291.4897426376,16632.095507557,45174.9484787403,24907.4710924369,45181.3156735171,20416.2110767914,20165.3055680218,3292.01673900483,30771.2023502285,49798.1302602922,14682.354573086,28342.8070787156,2359.82759803266,95158.0876695638,39849.5036374719,100047.02751867,50982.2092812728,60049.0068991746
"stress-ng --cpu 2 --cpu-method int64double --timeout 10s",11.52,1977499188.9057,986696964.57359,1889436108.08751,103778.682844576,26797.280272222,34.4390849526154,52409.9354205407,1195.54241308128,1978333038.9758,840.40710536993,987125804.038258,58.1063889187341,82023.0489802065,1356170934.0496,8341367.40077963,1351377823.31645,8363499.64492159,6948345708.5822,53453.3742943835,102657.399396035,5156568945.81796,10967171462.3041,986454784.019113,6943796276.10397,1843624998.82811,10817135890.8119,1639830441.08201,11521805580.1215,3565416908.71804,20938310299.1124,17283312612.2757,5160206774.51581,6948180956.99792,5153434489.34695,6945620211.42511,2694827426.87042,2389387038.47945,20716.1124734328,16347.6575315598,46445.1266608933,26482.3477756544,46450.0009933615,22504.8924816406,12304.3092523295,2333.02512970094,26451.4336962561,41424.8295807179,10936.8391137109,24631.875572886,1673.11415761092,82517.4294663112,31152.6804323375,78845.317403844,40078.4752655508,47661.2796221527
"stress-ng --cpu 2 --cpu-method int64longdouble --timeout 10s",11.315,1749425641.31778,762809407.932714,1750223097.6756,74060.1414731853,25990.0799424858,0.694335795975897,52793.6238653713,1355.44266457295,1750877200.82082,833.188205120625,763439800.886803,53.7508727605841,92009.1614667957,1548625050.43644,11569537.502984,1547656742.98675,11719142.4523296,6952148640.22197,54053.6722796243,106923.063366324,5159640776.67172,9784400502.09755,761143474.237685,6940525211.52957,2097411957.07013,11899082845.1514,1737029061.67246,10137397322.5519,3521016349.91295,20939336425.5438,17302637517.8326,5162017098.01222,6950826806.53027,5151879867.36936,6953757129.40089,2688984085.17157,2390227013.76419,18655.3037351695,14327.3274106127,57696.9986481344,30863.0832409579,57698.8896220709,25087.5512144248,17132.9114542969,2475.43006072844,29155.2640373366,44878.8290527043,11154.5915644191,24277.0962496842,1944.63480367491,82229.7600868871,38602.1353231356,98767.5820231332,49729.7701088906,60144.755598145
"stress-ng --cpu 2 --cpu-method int32float --timeout 10s",11.495,1458046480.88887,785890168.510522,2460282178.51782,104813.115519512,24190.6604375246,1.88676883418089,52054.6611879536,1465.52286604429,1460257664.55415,788.524023020479,787073466.774235,42.0863778651414,115272.207765077,1849225699.89919,95549.9758427362,1846167384.25029,95370.6737581908,6956377835.78474,53674.8144935133,102273.854273211,5162595118.20916,12137823927.0638,786169881.854081,6939935625.30805,17199731.2468962,12443935633.0645,1206250404.48059,12199503919.0396,3513488129.77345,20976862217.6864,17226193635.6859,5165344117.50009,6955014353.07886,5157130746.38647,6952042218.85831,2697992243.1994,2390316863.27202,24032.4097733825,18200.735261271,44853.437540304,24382.6321658128,44859.110604804,19939.527860445,12110.6821847492,2739.35770158246,26972.6656427915,42268.6984027485,11053.3922860614,24253.0888306602,2039.8101450835,83867.7968517369,35071.457051717,90485.3744302954,45614.0947017764,55380.2752157805
"stress-ng --cpu 2 --cpu-method int32double --timeout 10s",11.53,1983252346.03405,989557246.172236,1868016853.77919,102821.566241829,24680.5288058228,13.4099837753301,53867.110159796,1434.66959753402,1976395911.79653,837.130294409642,986138674.177415,44.0281746882115,120469.850079234,1356352343.34489,7928827.33945417,1356763645.44901,8091669.38821316,6953673161.95465,54241.0109119344,104702.362576047,5160568544.24159,10836166176.0107,989237902.460793,6943936955.49795,1809506074.21295,11185258413.7511,1623467270.19131,11256019842.8181,3555650426.70393,20942170394.8741,17348492946.01,5161373308.03843,6949809172.63812,5153682596.6935,6948082222.01099,2686524130.38683,2390479790.53495,18133.3148243951,13545.2417821814,50320.9226045215,27114.4462711522,50306.392245418,22415.9650843355,12230.2251819423,2910.16191018959,25954.6506797231,42354.7210039472,11584.7342119503,25843.305021413,1792.01295135714,85809.9007043003,39945.17134139,100995.628487611,51073.9178134785,61051.8505037362
"stress-ng --cpu 2 --cpu-method int32longdouble --timeout 10s",11.33,1749348916.6873,762774918.03544,1757427066.57183,85084.1500792987,26066.9472195539,8.03570902469551,52598.4774682764,1138.49131811612,1751820562.90734,879.203115382405,763848413.970047,45.3801472475445,118888.422639584,1552029867.88161,11549313.0775537,1549681739.872,11596586.5385009,6952699886.10619,54268.9855799688,104169.498818337,5159799638.32943,9802188718.15315,763892259.617598,6949288572.26839,2072784093.87224,11904232176.6028,1713047631.97826,10120783814.7294,3535334696.86807,20981102166.283,17320560181.3295,5152345964.43434,6937459915.98376,5142831826.29255,6951896990.13613,2688870054.83297,2390042784.47313,21691.3038110226,16544.4576331184,44616.7404175261,24157.4699625763,44620.7211494845,20065.078472772,12451.5389784173,1935.59459046339,22601.5426337302,37799.2792124995,12475.8029874323,26577.1235996559,1836.89263612091,92910.0653612686,34574.5112650447,86469.0240782474,43837.3255286299,51833.00224827
"stress-ng --cpu 2 --cpu-method intconversion --timeout 10s",9.68,6161386.92568043,4137530.41425218,531161639.576009,112048.835160867,23483.676722061,8.92353738029501,52066.7584552993,1276.46244704353,6141815.0296176,744.265208077258,4127637.68442849,41.9765577355574,66197.9498067845,135798620.461039,43907.1971174856,136088358.404917,41878.0237901726,6955222730.97448,53301.6182590718,101257.544653045,5161789454.83193,7515355603.42918,4246132.51855224,6944571005.98358,6407666.3437722,18282334134.0923,25508627.1747225,7550931239.91619,3591386242.10127,20944045435.4493,17277411441.4608,5158452851.64895,6945778407.1107,5150271905.07676,6946792062.03362,2635559463.83475,2390087784.78553,19684.6134871919,14911.901365109,97756.6292047344,55991.8408156804,97768.470653101,48774.4282822433,11840.7289938584,2891.55237342987,27881.7753666985,42930.5346655124,11226.6923334184,24648.7603715402,1736.55432476493,82637.3135138324,36462.3286134962,95914.3760960307,48028.5927205419,59212.274967964
"stress-ng --cpu 2 --cpu-method ipv4checksum --timeout 10s",12.21,1829511502.3627,245783981.890126,2668382574.59386,71061.020784451,24265.4031760682,88.0065610803319,51043.5077719327,1124.24165005777,1832487132.96817,730.179182082559,246196998.723469,45.002880201823,71578.6164364582,2098401177.28614,57944281.2513806,2098251031.91263,58178355.0748063,6950948416.04437,54138.5896039229,104558.734715961,5158519463.62228,18203924929.4121,246166406.616765,6940724171.92882,4726708611.54708,222043341.640201,2490092850.40383,18346687813.2919,3544274446.06163,20991863436.616,17364486092.1173,5160210451.51915,6948243105.08775,5152353866.26313,6955961343.91256,2698544161.46398,2389495385.24642,19220.9751549907,14937.6305989799,49148.7929840299,26087.4517754447,49155.4612756918,20523.8074143851,18096.7539891061,3052.79195225267,28547.6413633927,45710.9479942221,10848.4196141484,24901.9252208914,1807.05838628822,81201.5147777062,32466.6591705679,82306.5809693658,41874.4797260732,49934.5137882112
"stress-ng --cpu 2 --cpu-method jmp --timeout 10s",12.37,2288254669.79583,4565464534.27158,3808800818.117,76480.4547080379,22754.4872981297,19.6631089256693,50635.6833597885,1163.69853732825,2289655879.74046,754.793843514785,4568329368.26619,49.8430030839808,69807.6561544482,3614868280.04717,230666.086926166,3616872766.97527,229455.357920866,6945281907.67267,53480.3283688759,101085.093375811,5154380912.30031,19990535989.8374,4568280538.80795,6950006395.49487,21001869.2157012,37936736.7491166,5744676247.98322,20052230647.6249,3517516368.73904,20921962154.1063,17300494453.594,5157941959.01806,6945059797.19138,5149673689.60609,6952290097.40294,2650144609.19432,2390457359.59134,21738.5590414822,16140.8091708613,45471.3003224063,25460.104454853,45473.8866092965,21188.8516557354,16964.6261439234,3327.13454509286,33388.3243502657,52997.1112953629,11294.1506373678,25382.3936370369,2086.70830321664,87136.2752842933,39555.465101539,100588.64454766,50584.6881245856,60447.6688792446
"stress-ng --cpu 2 --cpu-method lfsr32 --timeout 10s",9.57,7043678.88465608,4726381.6471554,640723568.687094,93043.0836015978,25599.0326287384,47.3244086314664,51307.8936020366,1097.98580780805,7057034.31501229,792.590265792215,4736605.79529953,51.2245211859698,81959.3612057036,163204872.017212,116970.372611926,163099017.17503,118178.697830442,6945915316.62288,51893.7215057823,102381.615262944,5152614833.40907,7927887977.47174,4775041.34111347,6940063580.72336,11852921.4695585,17835792899.9338,23059511.3352744,7965417823.62504,3499404328.95983,20927273679.2227,17301826452.8383,5159164416.25408,6946739572.65742,5150465431.81831,6948474714.75564,2687672905.08941,2391008060.35626,19163.4656908688,15062.4906027055,44944.4191641639,24823.3386967358,44954.6672037233,20213.8103011116,12768.7941262888,2398.84502794217,26213.2337427327,40811.5154291219,11768.3838491678,26684.6942174199,2077.25939079755,91556.1180298706,29747.3675363689,80314.8278043891,40785.496135343,50348.4647836385
"stress-ng --cpu 2 --cpu-method ln2 --timeout 10s",9.81,577771500.794505,575288831.426308,295285114.87601,91152.4710932121,24598.9250067736,16.9718945480592,50771.4721659418,1163.61691041781,577320490.97914,741.984539088903,574852351.027499,45.6605870208555,59729.3971927472,147596742.480798,129383.571942305,147795972.116014,129874.545816377,6947603715.97294,53258.6489563115,103287.883617414,5153955191.12711,3446328205.44945,574777370.159647,6947375417.86333,27396512.9846766,22200652617.7068,97183251.7787278,3536979020.64068,3515153383.04518,20926667788.7807,17306178898.2061,5158515636.88312,6945890698.65922,5149270708.50915,6949758895.81747,2694710808.08964,2390429191.60926,18983.7253977295,14875.5099891915,46842.2618677277,25686.7577248061,46860.4752618035,21232.2392622248,10271.8026143262,2422.64662220264,23369.3292666659,38472.3851264771,11586.2331941053,24697.6176811631,1951.22625282774,86188.7638525261,37543.3555143877,99482.0530569124,50103.7633011211,61849.6060464943
"stress-ng --cpu 2 --cpu-method logmap --timeout 10s",9.415,6585072.16447895,4367603.76121752,402566361.543566,81445.0750572989,23639.9042189262,0.793531690841158,52838.7955065788,1196.74498124982,6601314.98091245,786.192673846589,4376832.09605552,52.1616229116178,68991.8653547797,84055281.3003293,78498.0360575143,84075021.227428,78652.2767784447,6953613754.6373,53740.3570420111,101834.374619435,5160561454.5966,3911339091.41018,4360204.01549618,6945081322.57325,11555588.3270426,21898991214.0648,24066172.3836061,3932433784.95239,3548755157.73812,20968997067.4597,17339261758.7064,5154208167.03646,6940054942.97828,5145909134.00779,6953819276.07251,2681788825.93287,2390585100.44829,19189.5867914355,14995.7490387925,52921.7414619907,29761.1323581413,52926.2207119861,23542.340742344,12695.1377664908,2666.01676092458,26009.392718799,41195.1356878593,10850.2203677117,24677.8264515777,1711.90972872684,81929.197839698,32629.6918352577,84527.9886297939,43035.2281855669,52059.2317756788
"stress-ng --cpu 2 --cpu-method longdouble --timeout 10s",10.815,1625257182.34547,694701231.236991,1468430919.4108,72576.186803403,21437.3041361626,30.849751917277,51005.4522117315,1180.32539570315,1624902767.3197,826.363554884528,694555115.832548,47.8389663048694,115892.716474698,1252370240.87601,7311080.21903838,1252068611.65026,7311280.72366156,6951016087.75659,53270.531508732,105528.936027193,5158684422.64893,7982970691.09516,694611840.586883,6947202800.654,1628906880.9971,13964210566.7155,1823748897.17059,8428780349.65414,3494140814.27493,20962164899.0704,17307187538.3655,5160264434.59662,6948068715.08336,5149501150.65239,6947604803.27474,2697373469.21296,2389016055.88594,20424.9658168403,15624.147340792,54550.1378357266,28934.2213901148,54557.5047673806,23471.8406748881,15343.6843704055,2688.02607238892,26264.6860327708,42984.9287787395,11788.1697001938,25541.1338891244,1784.03220130859,85285.8569678854,32133.9600573249,80285.4400099311,40898.1563681364,48353.0026288572
"stress-ng --cpu 2 --cpu-method loop --timeout 10s",11.78,6651494666.37549,3327188557.83924,1669709704.55617,73091.0182008275,24601.6319331919,12.0078153482835,50566.4982419157,1239.68288703105,7465886318.08359,729.648363234356,3734437582.38064,43.679629907907,61578.7531993878,1599060477.10486,136521.434298198,1690432660.60923,141845.207523176,6957990000.17988,54604.3307172312,104294.323358979,5163927419.01394,16679248011.3611,3335592975.64444,6945733803.71957,14551546.9436003,16435281009.4328,24329231.6697285,16029791101.8163,3524361918.2069,20976039163.7481,17266197493.0934,5154576005.44065,6940721527.70836,5147686671.35849,6954498611.71849,2699065479.21358,2390357319.10806,19263.1775079604,14935.8698585829,49134.3596646514,26253.1778804907,49155.1529607341,20741.5615661902,17543.8515632695,2961.22240195066,31395.6071953208,48531.2168158599,12137.7666121467,25978.0947066908,1898.21473668746,85542.3693882394,33122.3054180192,89886.0518784594,44991.7511677102,56641.9085040354
"stress-ng --cpu 2 --cpu-method matrixprod --timeout 10s",13.15,3278102169.42299,79663130.398973,2088635366.10109,92579.6193523267,28401.3324141184,2.77609468578511,59127.2475426268,1206.21314097363,3285003262.17116,949.137218317961,79829148.5679606,94.9335824138911,63376.4173756367,1643714234.11173,12834393.4154553,1644170294.39583,12837536.1326325,6949091163.09116,55266.1838782975,110911.246596532,5157276173.66714,13524497018.9771,79686321.2414512,6946920511.73507,2340109928.01742,9839357809.21376,53762970.5648685,13602842232.0412,3569809419.75094,20975404318.9724,17300488085.9596,5157955947.89554,6945391363.3853,5139866839.88094,6949553136.04838,2689254551.24169,2390823042.6088,19121.3276252018,14632.7927770645,48280.1587382772,25769.4975621183,48279.3632453078,20196.771001281,19732.4027403893,3051.96565386957,28980.7382809119,46031.8252129149,12551.8667463978,27074.6869528667,1793.91992450281,88841.3790225206,33660.3563388615,87199.988705572,44371.5871502722,53721.7690735018
"stress-ng --cpu 2 --cpu-method nsqrt --timeout 10s",10.255,14183606.6636327,11568503.561729,623042350.587042,77189.3198076519,24214.1156846554,26.8134293916848,51155.7529924316,1201.04301875199,14158124.2716788,802.310548153482,11552221.1990275,47.0371304668832,70620.9533783118,1158313311.17669,605068.823191302,1157785828.09761,482804.696565641,6953789446.79698,52280.717691621,99981.765271075,5160791988.72643,6203542952.36195,11543340.9058807,6943881937.27949,82725824.5599607,18918697643.5055,216972712.854699,6637435338.42486,3555160717.23953,20924386678.49,17304625501.4191,5159209021.94987,6946758178.52501,5150099863.85018,6938504114.76054,2680431429.47473,2390941817.5663,20397.0744327407,16585.4471223189,45056.1872476323,24785.979961004,45067.0274093145,20571.4444401659,13811.7056430103,2385.23834137323,27308.0473585773,42069.0302781343,12704.6246984247,26384.7832567169,1838.04309303328,89903.4295409168,33885.95027344,83592.6298962121,42700.6808216498,49946.8551513723
"stress-ng --cpu 2 --cpu-method omega --timeout 10s",9.755,103031788.849212,50066674.4126176,1170941644.04404,77022.0044822368,26087.0642139206,26.7010900239129,49657.5755082268,1181.79620009185,102852239.700119,786.441151436883,49975885.0423305,43.9169834976099,71176.3216593602,89869845.423548,82233.5832928415,89899943.218751,80373.9422643581,6951290408.91925,52791.0454047074,100748.692297777,5156929756.39428,698192836.411712,50071655.6580211,6952885811.18628,2013231213.69169,10432009832.2578,10724914540.5034,2658292821.95912,3609063961.21644,20945269243.2611,17278271244.0089,5155554797.2463,6941774463.68766,5146636576.16953,6956296402.33228,2645152348.82134,2390572328.86999,16583.0398146324,12670.2838798284,46153.6552164485,25221.1911879572,46157.3377233502,20504.4970101881,16895.9197996072,2360.76675773984,26568.1063160557,42451.8992486173,12870.9678353125,29640.17197733,2446.27615651823,98259.6215566243,34235.0884146636,91571.4898609868,46168.205141721,57259.9989382669
"stress-ng --cpu 2 --cpu-method parity --timeout 10s",11.12,6826424.61945028,4508073.05231953,4405016225.15843,86198.5449993286,26414.4422255383,47.1594276950773,51583.9748429323,1141.1588672152,6817416.71657458,768.914636627645,4499197.89116332,44.2269703296273,62413.7033196551,3260170624.12924,29941601.8515588,3267515707.89058,30038392.8384866,6952954197.87942,55055.1366812094,105131.293319357,5160111267.90715,15568198886.1848,4507984.37928423,6944193770.64124,5587852384.93267,2692224502.06857,1911481416.71858,15627902093.894,3512825771.52067,20974789948.5044,17280177757.7461,5160683158.79883,6948801780.49523,5153263409.68787,6954776679.8178,2696599503.59694,2389815979.79032,20051.1593295475,15840.1790636455,36442.5433307941,20416.0394624967,36453.3947183421,16417.4524820691,14649.8903239873,2479.15555171229,25808.3795542311,41316.837237664,11675.9807127251,26351.1773259893,1986.15272188084,92127.1978142916,32126.6083110062,79979.1490383764,40713.3386735323,48047.5285535904
"stress-ng --cpu 2 --cpu-method phi --timeout 10s",11.38,505150521.68723,295197578.081307,3330997271.19599,115718.913132917,25049.774097022,25.3144340229244,51313.15194279,1122.37251397327,505832607.838886,755.48343203781,295596212.549535,41.805799801251,70470.9284062757,5703349984.54646,41453.574960175,5688703283.62858,42718.0244647893,6950145950.20135,54712.1853377731,107136.979797093,5158145597.17701,25102263055.2472,295317722.932151,6941780016.03505,5729743.35063461,250499570.923746,229692101.163477,25394492028.4453,3557358212.44942,20953241467.7063,17293384864.187,5160918092.22113,6949441530.58094,5152382017.96472,6962464942.74744,2687375526.56068,2389507473.97359,19286.9553393755,14346.8220423852,37515.3524845568,19977.9952167031,37527.2968790863,15215.0683614669,18851.1086362472,2465.43434034604,28922.329298125,45662.2841402291,11027.9652213925,24718.2992248789,1747.34435001389,86480.3583845028,33531.8333936784,84699.4992780179,43061.9512168505,51258.8117656252
"stress-ng --cpu 2 --cpu-method pi --timeout 10s",10.045,589192873.765986,394157542.312597,501155126.371001,93943.6651878959,27080.7366783469,15.6695990829112,50929.4697838267,1092.7065993387,589409579.353543,891.771448250545,394304227.041544,49.2066568397231,87201.831826047,244437590.547844,45152.5515211112,244619393.047167,45094.3888905943,6949089069.60085,54684.4557466887,106633.561965201,5157190303.3473,3222179865.29448,393827412.335298,6934898718.23642,1486226812.50005,17283140227.2909,2999085378.86326,4064518587.84845,3560321659.03599,20942730132.3414,17336813052.086,5156835600.01063,6943829262.05348,5147427651.10415,6943906963.31527,2687731001.31319,2390238258.83304,22537.2325455176,17401.9426560789,46185.4448899967,25285.7264649343,46191.2170007771,20864.4886454719,10448.3073491169,2179.83335969111,24402.7801226717,38243.9166730191,14473.9891230663,31979.3041719005,2837.84974218091,107377.988068569,30334.9336942249,77967.2533217256,39860.7605006041,47529.0864199406
"stress-ng --cpu 2 --cpu-method prime --timeout 10s",10.27,6355392.94386977,4234023.30984828,1662580184.70419,91868.978180525,26071.4822679146,11.5157162285028,50281.2901700264,1129.5329245509,6198129.24905637,759.736916341469,4141665.75067323,44.3113780799369,62923.7181706259,1065092829.59863,22224177.2180805,1064683442.70428,22163346.066216,6949221873.7626,54015.8001837062,108388.416192325,5157409856.79574,4602173529.38481,4234095.36896604,6938553607.5319,3518707443.93683,13644032966.2151,2325764481.61977,6312100936.12272,3575819330.7245,20937193864.7734,17298928210.2461,5159913035.77922,6947887259.95069,5152043851.31436,6951127538.2787,2688060603.03929,2389146930.98818,19192.6692076889,14949.2478843634,38266.8828609954,20028.0622441418,38274.5453529476,15385.4877370294,17541.2557000267,2853.49619519827,28024.0409658136,44299.685186956,12148.9583488966,26040.5050159663,1921.41483908894,86841.920183043,32892.5124029125,81651.5081617123,41663.3915899859,49132.7155450173
"stress-ng --cpu 2 --cpu-method psi --timeout 10s",10.435,62056097.2525199,34607894.1001506,513572348.11325,81681.4311168575,24619.7127626756,6.94748765767398,51807.4154632749,1157.3521939448,62201991.6389334,717.327789771637,34705363.3524865,47.0346344379244,71248.8017302988,991355383.262056,42217.1003489864,990752567.872737,42676.8179776123,6951825014.25627,54346.552694427,102424.09895952,5159192658.40971,7699262554.66729,34632689.4883787,6943879121.40804,6342478.56542362,16212186513.7726,493505638.861519,9130785833.002,3514661511.30355,20938059827.4345,17293760100.8372,5160170236.84923,6948173676.87145,5151859979.37008,6952913441.52,2692575203.20958,2389483807.00644,19670.6710573723,14918.5656777826,39462.2682104638,21076.9440145187,39476.2948355301,17558.4496743062,17543.137806774,3056.09917636173,28955.3678712268,46489.4495372913,11901.4759669493,26320.610128439,1844.97559435465,88127.8896832171,36148.9949811957,88448.6308150269,45216.4789588724,52406.4421032677
"stress-ng --cpu 2 --cpu-method queens --timeout 10s",11.525,1630355571.63111,1628252698.26497,2193807427.76508,85522.5729280667,23471.5252915822,14.789433198485,51859.39565534,1228.51553488355,1630246260.93885,745.488248034555,1628148837.89282,48.7396444454016,75163.7031376131,1028564220.47895,120978425.335279,1029010835.40396,121060101.022042,6941859504.52731,54821.8788560485,101572.121851623,5151866249.76217,9405301687.55608,1630003604.58729,6945418230.50471,11636189830.3892,349133525.496002,3763771075.24373,9989616788.05546,3536974642.54519,20941067946.1424,17290666846.1529,5156101696.0753,6942474443.59165,5147996359.34643,6949283453.514,2696032141.90436,2390004410.35301,17757.1450135262,12968.5772793804,40463.6260779154,21741.1033165656,40466.0141167236,18116.6574153792,15831.4238711953,2857.00014140498,26961.0372500554,44201.7713462203,10180.8720765361,23876.1154113571,1802.25442599458,78394.8341181864,35571.7574010191,92594.7577046233,46638.4401431387,56866.9956058163
"stress-ng --cpu 2 --cpu-method rand --timeout 10s",10.19,6616574.58437181,4551664.24977969,963708747.376387,69382.9858847828,23044.2233196698,36.862649515783,51092.923912012,1133.70035303257,6610368.05116213,824.420529086853,4548958.55657916,65.4018452712455,59541.4022034755,111243988.239594,92538.5844585135,111108463.471778,91443.3055072025,6943802060.62298,53507.2539893336,102272.272400281,5153204241.56298,10448640599.7262,4552687.54851993,6940914958.18645,9986959.50342953,15320750721.9454,26722240.5903616,10501794271.6445,3545676231.63069,20962243225.5729,17263656862.2019,5161639057.77608,6950074075.1766,5152484026.66936,6953835326.67969,2697083297.74647,2388559439.24943,18999.351545273,14373.9578053641,42760.8705476182,22875.6909553024,42759.2788976346,19419.1245814851,15639.5853420646,2716.86398753251,26939.4144297181,41591.9269345772,11320.6973713598,23570.4183922267,1760.7475421906,81082.1358012158,33750.3571194286,89281.3944857678,44972.5138094953,55402.569773748
"stress-ng --cpu 2 --cpu-method rand48 --timeout 10s",11.38,3114825815.07578,1666943862.4447,1667959640.28586,95924.9190093234,24374.6171783309,22.3084574258944,50382.4117376366,1283.18247113744,3156636317.21062,822.029570758608,1689292618.12622,49.9493686991519,78497.5748864575,1542690531.19731,44135.103293759,1524761242.69482,43763.6540265482,6950536046.46363,55263.8484707381,103640.206088444,5158251074.089,9864465917.96437,1668602019.02708,6945949368.9462,6578798.9262612,14983749110.9599,536188969.536985,10469743426.8287,3557145083.82066,20965061207.6613,17288643154.6878,5157206371.37408,6944139802.12418,5149443580.6579,6943250148.04655,2687701506.72989,2389898521.66448,22151.0250802733,16070.4256485573,43856.6676063364,24055.7911057622,43858.4576419297,19662.6459742056,13233.451321443,2304.77486361037,24476.6413928084,39311.5152418723,14186.4103385167,30972.9611761962,2487.12119145104,104521.171069124,32579.5017561008,81171.6804113938,41278.6992880416,48709.1975093556
"stress-ng --cpu 2 --cpu-method rgb --timeout 10s",9.43,8507363.029952,109709593.223386,345389119.845409,83269.0512396162,26703.7404081263,24.5252616970595,51856.1338982167,1159.4391936703,8532938.85762255,794.670192607682,109673896.824193,58.9305985529292,74059.0092356751,18215907.1026164,143609.40398501,18298327.4241385,145243.258643824,6950080636.37738,53279.4926254221,101577.841331808,5158024712.16439,3098344083.00963,109693362.201499,6945785817.72573,14747854.4254333,22709929243.15,24136538.7620788,3116302547.58554,3593908168.9848,20958194067.5739,17311697065.4423,5159064421.23836,6946706585.26488,5151067354.20768,6950274778.9385,2700730111.46602,2388752140.57618,19226.6512294826,14032.6887582493,39148.2064370057,21005.7572174907,39148.3060130098,17256.8202390249,19700.8532675863,2823.90172279149,26700.4166028102,42934.6678541569,11032.6859973315,25611.1552694015,1961.85078255074,84785.6748272018,30859.6075786355,77107.3251113387,39326.7398970976,46419.1697478249
"stress-ng --cpu 2 --cpu-method sieve --timeout 10s",11.47,2081614180.13201,1376551107.99282,1984014607.47142,70579.5863309987,25861.6288982397,37.145953906491,52324.3468687845,1143.08230884975,2082869301.16671,818.744114172076,1377379135.73979,49.5336218443096,79425.86235316,1461805532.91455,803580.789979303,1464925286.86962,811500.453130661,6946967455.21871,53279.2569296149,100160.171468287,5155565299.85551,18871393433.3952,1375589455.79224,6944715549.39627,308758022.349302,6479360025.91352,111366275.766676,18974221428.1091,3509060856.75964,20950545888.1259,17306029329.8647,5154913751.87254,6941034959.76271,5146729087.53443,6949890224.46997,2691476330.65694,2390656369.37942,17630.5720750108,13317.0305651656,39902.6087424089,21452.8870080816,39903.9028240343,17569.2485053055,15010.8734383793,2746.6814681815,27164.2150243597,42351.3147019213,10899.3920269421,24068.3296635849,1705.96583387364,83825.1023202817,34442.3093335328,92150.7096584137,46408.0858144356,57673.3707729741
"stress-ng --cpu 2 --cpu-method stats --timeout 10s",12.56,3151927788.81398,2408223183.23095,2776430797.08165,95052.5063524276,23574.4182223443,4.66647148497789,51398.1055215839,1159.66780733068,3151934017.43872,870.627462056118,2408229036.11965,60.5705693264407,82477.8805021451,2113958736.11859,2414804.8010389,2083776794.46682,2381163.30969743,6954482898.38683,54509.0758356928,102983.974394283,5161277902.84322,16843546912.463,2406676282.60225,6945899788.68082,343817540.030461,3510004320.89026,5052070030.05743,16925433157.6075,3543687420.90383,20953204991.7118,17296675737.4799,5161229226.98747,6949576169.65548,5153868107.69933,6947446637.90515,2690210798.7685,2390578358.97692,26758.9369320642,18880.4534942339,37874.8047113115,19874.8275587161,37892.3210968873,15565.0005077206,20335.3692539483,4247.28708990104,86387.8453132045,127344.161667746,12178.1958024128,27769.8200322565,2017.99357806123,95645.8323738738,32374.7347950889,82062.231731088,41765.2355944208,49629.8584082319
"stress-ng --cpu 2 --cpu-method sqrt --timeout 10s",10.52,797142756.36199,795050743.534769,993904472.219767,87987.4091237807,23445.5996799568,19.1623644373324,50933.3661007047,1172.97499203443,797058068.849155,826.652383675827,794978619.018066,46.8740899921901,78832.0996615964,1189548161.54857,51291.7060191839,1190816680.82315,51700.1818395588,6945271027.51747,53312.5463247633,101544.16366416,5154340593.53644,7527589554.09003,794177533.660527,6944748678.51754,8887082.42667276,18074129949.2279,222511472.038581,7561548588.09744,3556668190.81054,20984063608.4079,17282280563.803,5165936161.3825,6955736242.43769,5156983232.81281,6945670900.85912,2696334397.3199,2390699773.63293,17907.800590549,13371.1683888423,37917.6133628389,20617.4035453501,37922.7911881931,17002.285712495,15534.2934264018,2665.29885227783,27581.6193581951,42979.7971751626,11586.8960861893,26111.5730653981,1993.82121049483,85814.0370307907,34232.1400320123,87836.0595215017,44586.9498801809,53417.3320024549
"stress-ng --cpu 2 --cpu-method trig --timeout 10s",10.445,866624113.391358,346380509.66566,894696848.401161,87012.3769402412,26100.1151562027,0,53362.3101789386,1185.91740225687,866087241.032699,848.094164593365,346170527.650211,46.7633284387116,116860.873993445,372842342.692934,278080.998985377,372901780.492569,364024.028200057,6948358615.41684,54413.2959617947,103590.497380989,5156687769.16225,3294490046.4982,345649118.871819,6943936465.33412,2267637031.43559,9344392140.25401,8982483591.21525,5278316899.75826,3528567050.71878,21027095918.7612,17284458131.7524,5159378034.06417,6947008038.36111,5149873396.0256,6952850431.65248,2693037547.97661,2390002034.69209,20666.6128269446,16519.25909626,40919.1383745377,21633.8205483842,40938.2383627903,17941.6535484013,15486.8388976219,3788.66297223713,38945.2706206323,58243.6544946827,11118.4956359395,24477.6963270968,1822.02109611849,82573.9244721827,39014.5373623222,100159.055269511,50650.9828906346,61209.2184674258
"stress-ng --cpu 2 --cpu-method union --timeout 10s",10.1,776022832.25629,485338280.067514,583486849.93444,81939.884755986,23528.6874382151,17.3672746132722,51810.9468004367,1221.66371708218,774265619.79064,731.410693954539,484236547.833565,41.8799610378311,61968.3019069986,52725452.3141643,86762.7650750892,52705716.0210318,87156.145084702,6953016157.9337,54138.3384897004,100743.032934855,5160171659.25687,6080843228.28707,485264257.486442,6949877874.47212,9198947.34779181,19702216610.3057,47728386.0484621,6050846523.44465,3581591577.31442,20996555301.9954,17294668350.2514,5152967901.60082,6938506410.51823,5143964934.73717,6950813399.66527,2692892165.82683,2388312050.22138,20640.6959757867,15955.6585439236,37902.4574944249,20738.0485153003,37904.5458881987,17316.9611719309,14241.0477362135,3708.47972269104,32383.7210344908,50767.0056875354,11821.7552660278,25078.0722327855,1951.6086928527,90667.3432795073,31868.6054570402,80496.2723674344,40979.0264060446,48670.2710663569
"stress-ng --cpu 2 --cpu-method zeta --timeout 10s",11.405,2334914737.58296,874792008.94002,1723546975.71415,107583.409519203,24712.0745847156,13.2002053093397,50835.5786408907,1214.02188980333,2292354197.83702,862.732022284341,858895452.584174,43.2805386855336,100985.400286085,1930813233.00895,62842.9392507797,1898049618.00604,61915.3442116506,6952300055.43956,53814.9823483237,104666.287957254,5159544058.31752,10648580376.9645,874269295.791092,6947120642.25252,11329053.1315078,13717057249.5673,948391740.401855,11186692577.2878,3521233696.16379,20924309333.1712,17302826167.2053,5158826681.02633,6946296249.18461,5150100662.91771,6952226729.22364,2689250875.57075,2390885060.97667,19664.3234836703,15025.2690513219,41657.9186442164,21980.9904325778,41660.4065099584,17436.1572951749,22630.0094847579,3484.55542051824,34753.2217447221,54066.028393546,10624.2332644997,23555.7238724802,1636.97818252305,80099.8527827682,32450.1490713247,81164.1924561632,41280.3545399492,48949.6495750296
