"\","watt-median","L1-dcache-loads:u","L1-dcache-stores:u","L1-icache-loads:u","L1-icache-load-misses:u","LLC-loads:u","LLC-load-misses:u","LLC-stores:u","dTLB-loads:u","dTLB-load-misses:u","dTLB-stores:u","dTLB-store-misses:u","iTLB-load-misses:u","branch-loads:u","branch-load-misses:u","branch-instructions:u","branch-misses:u","bus-cycles:u","cache-misses:u","cache-references:u","cpu-cycles:u","instructions:u","mem-loads:u","mem-stores:u","ref-cycles:u","topdown-bad-spec:u","topdown-be-bound:u","topdown-fe-bound:u","topdown-retiring:u"
"sleep 10s",0,0,0,0,0,0,0,0,0,0,0,0,0,0,0,0,0,0,0,0,0,0,0,0,0,0,0,0,0
"sum_up_benchmark",8.45,1508972524.93054,606689055.155805,1436276413.90358,2813353.83466992,975316.212133882,215.011992068087,1011442.76955373,1507873891.89837,122467.97295908,606249902.294804,68299.5068124543,386327.531590066,1846398925.27912,7169865.43876096,1861188602.20697,6650407.16976734,3082646611.71206,513840.07548725,11080622.0573261,2285596947.24613,7169134565.17659,0,599634385.207524,3096515594.75826,836142777.294954,1238928990.17494,2035314322.84507,7357896065.85719
"stress-ng --cpu 1 --cpu-method all --timeout 10s",7.26,617499357.96828,278841173.608765,812316961.58384,554350.681632371,400.366296837927,1.48850153798312,3340.8725323775,622136071.25108,111.108678648549,280926718.572061,138.149234382694,21186.2378040802,513974646.286917,7748083.94553411,513613265.874392,7754426.1766672,3457256831.13724,3078.66378484626,23600.6987977405,2566103270.30009,4672687860.67387,5695649.45329685,278286762.585301,3453882243.75458,1079781109.9322,5642234295.99556,1106342321.88842,4973468491.07335
"stress-ng --cpu 1 --cpu-method ackermann --timeout 10s",7.68,1036648776.35502,1036637846.28643,2244482528.05224,11930.4074675887,151.300356153216,0,-2.59805927492024,1037553170.49641,48.9721205442811,1037542249.11325,7.44975559466581,7891.76933247478,2730000858.0265,4342816.80284119,2736839574.56581,4353649.35118143,3456757267.52706,1041.30148787939,1897.41070413596,2565704915.71249,10193514718.9396,0,1036512077.15366,3462589057.61333,459165971.880091,1538322812.76145,380507135.857244,10502048945.0368
"stress-ng --cpu 1 --cpu-method apery --timeout 10s",7,183049758.449577,183031367.534737,183202647.368183,9597.91673375961,189.327388154763,0,-1.80547162414914,182719388.736978,46.7935435502572,182700776.196092,7.64980363381646,5377.28836788823,365939850.632466,6718.84658516131,365451547.552766,6350.03862181791,3461813819.14919,1050.38984307981,1959.34463371789,2569326690.28381,3464874829.91059,47875783.9788549,182452366.836254,3453619776.28666,1524337.8989431,8736575330.75981,93566468.5528268,4028856654.46826
"stress-ng --cpu 1 --cpu-method bitops --timeout 10s",7.21,163894.904599464,131354.964861686,1649302163.79765,10401.4108467285,131.399165023134,0.198513734957369,14.3737472993197,163785.390192086,50.6017283657126,131319.67167607,7.44070328665617,6764.15747981549,1540756524.22041,64253.9988454516,1538236282.57999,64550.8194775755,3466850054.59923,1087.40649989468,1908.81057843871,2573271397.26244,11759413807.7954,0,131432.45238974,3457040078.95497,8212062.47637649,971866700.110174,92251359.2223688,11792745327.6068
"stress-ng --cpu 1 --cpu-method callfunc --timeout 10s",7.76,1388479916.21412,936756061.968939,1011105240.07877,11282.9759097855,157.67957780953,0,9.12240674851209,1387381029.82958,49.3401122009729,936014916.490442,7.24652927148241,9235.23790948727,2911330850.29169,3437598.83681777,2917012117.68732,3441322.39367533,3464646921.52447,1098.11156114655,2065.56204618517,2571579631.29314,8480509032.25717,0,937115844.994894,3467431142.69999,410577896.944686,2347830555.69242,1174633090.62344,8943504826.18844
"stress-ng --cpu 1 --cpu-method cdouble --timeout 10s",7.95,1689133415.64353,742668762.515614,1334509938.86714,13132.2532089888,1.59874070994948,0.198760938108273,36.9565980739446,1690727461.52717,50.1415906620521,743313343.463145,7.54557923596946,16059.1148809578,1063989736.46288,5893118.44372222,1064098480.48649,5912756.76529266,3466496164.56257,1138.19878116084,1986.93647681946,2573041367.25957,6923144641.09195,0,742662705.342621,3462301133.94037,1170837850.5787,3304548190.16667,1109892496.90088,7292249369.89561
"stress-ng --cpu 1 --cpu-method cfloat --timeout 10s",6.98,410322817.759193,225457821.206833,493792197.332616,14140.907766586,211.56185701589,0,11.1212566836632,409933283.158971,49.6511720145644,225202855.613355,8.14268712969857,15320.0958430558,281296848.927466,1505476.77966233,281572512.543939,1462145.2013028,3462958585.04777,1032.45427529045,1931.61645503711,2570067529.28219,1706695385.29564,0,224860711.485631,3464450327.14073,1003530351.87242,6944616512.91005,2374416806.93482,2566023407.71134
"stress-ng --cpu 1 --cpu-method clongdouble --timeout 10s",7.06,631385602.863104,298641411.751878,602602642.363415,16802.0188089803,95.2026161982036,0,13.1945494561899,633429840.992471,51.9543079020802,299601506.621126,7.54924830809943,17405.0979177127,444510605.439856,2790805.50792633,445492128.084426,2800966.42015461,3454548929.2303,1080.86800495053,1972.73885053693,2564081782.25084,2951702213.38578,12486294.6641381,299422193.72085,3465339978.88143,784180401.996763,6701150853.96141,1987221425.36183,3404806512.55532
"stress-ng --cpu 1 --cpu-method collatz --timeout 10s",7.17,10836665.504383,6327440.96175581,1745774274.27585,9629.97056628416,251.575558627825,0,-3.88972426112724,10819507.0283697,49.5731068205162,6317117.69179463,7.83213204552848,4655.57562106449,1454015153.1994,224113.241166308,1447767815.81177,222884.267133717,3465864611.12391,957.022097335662,1932.47631479963,2572548411.85397,6389216413.88311,0,6310148.90647772,3458038025.16254,21290179.6012012,450009219.591536,6008637314.24154,6415169754.31291
"stress-ng --cpu 1 --cpu-method correlate --timeout 10s",7.29,836833349.352448,1993674.94750094,446809435.885387,10240.1614588056,227.16043316406,0,11.8813261431495,837006753.000558,49.9164154540083,1994259.64710379,9.62684335197595,5302.71761429724,422977338.151013,1003187.4479387,422538491.742411,1002202.39579348,3465140158.31342,1077.98636114271,1998.58539284657,2571989510.27121,4668173816.51631,0,1993509.82828003,3462633847.51588,137487956.242237,8038668012.1873,22134305.9531414,4681134612.19401
"stress-ng --cpu 1 --cpu-method crc16 --timeout 10s",6.92,69202886.3834335,502743.784271356,417485732.344536,11448.3434944958,113.025803059636,0.894098143572196,7.93297225020572,69098482.7960621,50.2180189626774,502205.614697458,6.94620554638499,5630.03088970133,69489790.3242595,133438.028474677,69365394.3556045,133182.878727046,3457125485.0822,1085.29748541355,1998.60899343563,2566189309.64561,4555976060.64657,0,503569.942852848,3466406145.34392,11368989.3384075,8304488741.69969,4562920.30599598,4563078337.91729
"stress-ng --cpu 1 --cpu-method dither --timeout 10s",8.25,1374240643.91114,1194791882.93217,1156551171.16622,11520.0175680814,-26.4530729061971,2.18852765536305,51.2229191603381,1370836121.3279,47.7354495008048,1191831999.96829,38.3277803255794,4510.17208549104,1316708450.21974,265597.380130065,1317504982.84193,265781.306279361,3462256410.76729,1087.95777462338,1982.65731842718,2569803260.60659,8750053918.35826,0,1163752934.45629,3454935338.95724,25735942.9970288,2391374239.30567,1464421239.30991,8972976400.08271
"stress-ng --cpu 1 --cpu-method div8 --timeout 10s",6.96,173684.600501929,149544.094450532,500472661.69038,10596.3182106029,24.66108027929,0,40.4014148930923,173240.604822305,48.9544283803293,149155.611260988,7.43159877835744,1886.52261794107,425750550.552609,1900322.84355172,426394221.67911,1903572.60719584,3455252443.69707,1052.29143719664,2091.62724817771,2564602589.55312,2989913864.82568,0,148741.943588424,3462880707.42253,234088477.752785,8344430182.58145,31150785.1111217,4274716569.10609
"stress-ng --cpu 1 --cpu-method div16 --timeout 10s",6.97,173526.777732048,149513.202832325,480979081.236775,10819.4419526411,160.830988894988,1.78901787283961,4.9569812516898,172790.657647571,47.0042724332338,148704.886458265,6.85644387816834,5802.56234488766,424561824.562342,1895433.84886891,424259920.048178,1894153.50783463,3462235306.2742,1106.88674949646,1936.12725046895,2569783831.34996,2971076920.90924,0,148260.705122015,3450796675.40059,210127436.983453,8233253267.78537,154568801.030328,4260134992.07863
"stress-ng --cpu 1 --cpu-method div32 --timeout 10s",6.95,173091.888639557,148806.726725503,479383900.890743,10286.6988242988,34.643844258997,0,36.5141402444125,172949.735931707,57.7022592607039,148931.803901608,7.44765732255872,5994.35339931049,423115148.710076,1889082.08499117,424537646.483491,1896193.20609813,3454695302.44206,978.255934068902,1930.50752649648,2564218351.62311,2974185686.06669,0,148903.11083038,3463832692.80327,199564133.504261,8238053768.11381,193843836.802638,4249712965.48214
"stress-ng --cpu 1 --cpu-method div64 --timeout 10s",6.98,172773.4047048,148917.785509516,476249327.945307,11530.876260539,115.619462572394,0,-0.215007602634699,172979.208169554,50.258245251198,149086.892642473,7.64761239907693,5935.78527501896,420625186.963892,1878066.37095804,421212366.742669,1880043.26393385,3456021782.31393,996.899273858378,1852.61362003718,2565175544.76904,2953335107.10861,0,148800.368825453,3463121028.22237,191634741.672428,8253803471.35254,216177092.056351,4219073136.31755
"stress-ng --cpu 1 --cpu-method div128 --timeout 10s",7.72,724535451.782386,232049488.770905,1683348898.33087,12782.4950472465,143.490199115141,0,-1.80204728093032,722576139.883488,49.5390458903558,231422115.035083,7.24656929766407,6040.00839059073,1131365689.52329,13735600.6441574,1129901221.33568,13709885.0600263,3459604562.27938,1106.61185696451,1908.05790229701,2567497582.10229,7671464363.44945,0,227144638.457138,3453527278.97256,2215609320.68457,1203472454.10829,1493524323.12645,8098433139.15288
"stress-ng --cpu 1 --cpu-method double --timeout 10s",7.7,1299027377.68732,420006403.011052,862534758.309821,13303.9852768521,86.1525855693213,0,2.17630698225951,1296929240.46286,50.7197748977927,419328658.388912,7.14558486052572,8355.52778531937,508112870.568064,5844678.77979999,507351590.803731,5839824.25598275,3462570747.0213,1106.01693615658,1962.67204053906,2570093710.92628,4491145462.52812,0,417090154.13741,3454908308.26896,1395644648.67847,5697543664.41536,882184629.447176,4887117958.88207
"stress-ng --cpu 1 --cpu-method euler --timeout 10s",7.09,431910749.473381,364441071.967488,364576186.160167,12409.3222929603,81.2801874420994,0.695199921198392,27.6927674024095,431618888.983919,51.9453169761467,364194812.120455,7.53305072091225,5583.77969982662,660400566.95123,3811.91490036041,661005514.5026,3964.54168401483,3454163129.57568,1051.61393275611,2032.56038611993,2563794074.13989,4516000619.9564,82594090.8993766,365127638.020882,3468511548.37352,1192800.44598665,8254701823.76492,55913153.5844716,4574774448.62092
"stress-ng --cpu 1 --cpu-method explog --timeout 10s",7.02,806712233.751538,166168640.302377,545857453.346283,12326.410682868,94.3495613114601,0,-3.19357927465906,807426484.998388,50.815072582995,166315548.497525,7.44292919931572,7167.08823861662,475118480.530375,2901.86965427493,475028394.151239,2657.97619021979,3465636493.92113,1144.58938197841,1987.29745450206,2572427676.31711,3016048278.10603,0,166314293.170826,3463866146.97508,779231.377599849,9619620909.61431,169219535.997034,3097558825.4728
"stress-ng --cpu 1 --cpu-method factorial --timeout 10s",6.9,261336810.232547,169069784.495999,292318524.808618,16000.9082085296,102.502982771336,0.795173359376505,-1.9007441036567,261406614.285322,49.332340256476,169115149.451487,7.94060521046548,11444.2601776489,111926860.439176,241028.499359328,111699193.135337,240484.098393485,3465338357.83369,1091.54200850255,1946.01962403669,2572102463.00582,1413453828.03224,12663637.4708151,168872021.446587,3455959978.94752,738632408.00257,8002029140.27515,2159867525.36006,1980294252.61142
"stress-ng --cpu 1 --cpu-method fibonacci --timeout 10s",7.19,254869076.378549,127484175.412878,2471469131.24333,10907.6593526517,114.135243764477,0.596111711822339,10.2190313699874,251340030.850919,46.8562216919418,125719598.143049,7.34577722017629,5929.28231061326,2518989237.04321,3653.55270835391,2516548383.0631,3543.05175024347,3462088244.44284,1101.48955566317,1900.0192290295,2569682767.06204,9878239708.74644,0,125133818.854171,3463773469.69143,642446.118550787,78111911.7774971,2679987581.9783,10127566203.9597
"stress-ng --cpu 1 --cpu-method fft --timeout 10s",8.1,1903304973.73749,839988731.402218,1232507726.57183,14298.2311269929,134.414495244488,0,47.8095836525927,1906616000.15708,53.3739989405323,841450250.672986,9.24363219810138,4632.63206663069,1030449679.8894,910830.338070279,1029844406.57209,911095.763624989,3454130234.00839,1097.63092294153,2018.14704524012,2563746767.99472,8205376485.20399,0,841349687.318472,3466449797.76119,182677893.89525,3532759145.16501,604114609.276485,8558122774.51974
"stress-ng --cpu 1 --cpu-method fletcher16 --timeout 10s",6.95,213722902.451401,1349695.59475758,439556573.20076,12105.2083453955,89.1959820090624,0,4.7545803384457,213665052.361289,49.7713975067034,1349313.00695281,9.02286156916101,4499.3167035958,214834647.066886,406475.27882347,215108927.848598,407192.933606742,3466340023.63615,1009.23344122043,1905.30922990631,2572665284.11202,5109013847.57714,0,1347546.05718769,3448647410.99062,38480995.6413823,7695875713.61904,4732564.14878867,5144990730.70554
"stress-ng --cpu 1 --cpu-method float --timeout 10s",7.17,738364291.913021,188420529.485695,814840685.722722,10743.2816791034,102.643065897292,0,29.1677271737752,737125251.343448,50.2364264552446,188104685.796867,7.13291776895684,9608.25643888944,408867542.261622,7201852.94928566,408557564.107219,7198312.27832647,3464534598.9808,1055.14310089871,1945.94517991708,2571340547.74284,2643823313.48769,0,188306723.426239,3454054647.8663,1657223945.38907,6836927202.98139,1693669566.72552,2652130835.53851
"stress-ng --cpu 1 --cpu-method floatconversion --timeout 10s",7.33,646031776.991803,323083079.69488,646213628.445048,10611.5060159556,173.093521270582,0,10.9112980833742,646863202.147233,49.3740686134356,323498472.173319,7.54982670037242,5535.21599063889,322567129.282082,7801.01279663984,323496474.84973,7321.4039325439,3457863440.87992,1016.76520849056,1906.48702459948,2566591580.11063,6140503330.27987,18402567.2721741,323297354.286767,3463788254.59833,1326210.81556752,6726288676.93652,1336900.01130542,6152712652.23645
"stress-ng --cpu 1 --cpu-method gamma --timeout 10s",6.74,19560034.325917,99775.5967125473,389408665.379664,10555.5645116253,184.771506800991,0,10.9036105625586,19560899.1890314,53.0579400508132,99715.6326251272,7.73466965467523,4819.82913425707,58667068.3681049,3091.56011838664,58584299.7603574,2909.31133066922,3463918224.37623,1097.59447945162,2032.92112381845,2571086463.41921,586229565.603958,17484400.3234284,99873.854015972,3466945529.98606,615158.043823428,7719737277.94279,3306854073.41279,1858573554.32554
"stress-ng --cpu 1 --cpu-method gcd --timeout 10s",6.97,122084.0952042,110676.36500898,765262196.576202,9572.48054268547,30.7112296762404,0.0993006441029053,51.0240025318937,122023.541636855,49.571329196661,110627.169780968,7.84774941030548,4525.29479869066,228727028.145049,13298652.3925442,229566183.164363,13217050.5681051,3458106155.32504,1058.48971837596,1945.56383275392,2566712176.80802,1939807347.99615,0,111372.005373592,3464842112.89514,2562200060.59217,5577679519.19142,2079259025.76636,2630872397.11537
"stress-ng --cpu 1 --cpu-method gray --timeout 10s",7.02,300677.72580509,183195.083309118,413557961.917357,12175.9213379793,151.642076090696,0.19858762539818,40.1971581929601,300388.170894004,48.1815219705207,182832.289804188,6.85412378027943,6106.7249532203,139000022.130593,19554.4569493809,139251466.790743,19682.4746674202,3462458383.20601,1050.36491138354,1978.1766145481,2569827679.80551,3479590487.41601,0,183857.897036847,3466800100.23561,2197830.79385072,6610358850.10066,2349709.71439394,6271954661.23068
"stress-ng --cpu 1 --cpu-method hamming --timeout 10s",7.24,206436093.374973,206433456.166029,1134985224.81626,10225.9052955133,106.374918730958,0,49.6329030463096,206528398.378869,59.4092080655987,206525758.330996,11.9029631395305,4563.40798585748,465466233.349544,3373.39083471736,465252265.499529,3503.26483686013,3466982357.25349,1047.57113722886,1813.5382428116,2573465787.44722,11567991402.51,0,206669440.976528,3462820799.77516,681577.913542923,1070823658.65865,208609281.00535,11596490327.8341
"stress-ng --cpu 1 --cpu-method hanoi --timeout 10s",7.97,1954353275.77712,1953890539.50116,1152721458.60351,11271.0827287492,115.840157356901,0.0993136324742743,2.36758311909459,1955842852.41975,50.3242947588577,1955379790.22477,7.24516725901087,7234.4499954505,1803053403.6603,120322.493946812,1803018768.23348,120251.079471362,3466509040.72512,1070.93416006122,1890.97398238293,2572984838.71565,8474348271.19737,0,1960876349.10997,3465390085.45983,12030258.5174001,562514697.861836,3239998590.15479,9069815458.43603
"stress-ng --cpu 1 --cpu-method hyperbolic --timeout 10s",6.98,316099684.428403,106324699.344952,597911921.243039,16311.1753696378,144.721796006809,0.0993866247146812,-2.79548490148076,316888037.019797,51.4993136887526,106590243.758395,7.5405930571413,10289.7107482654,216922130.686979,7252.22313748665,216469333.877756,7183.56327657965,3457664314.67406,1126.84267029327,2035.9930305664,2566578671.79175,1430659605.91336,19024647.6782219,106757675.230293,3462013936.15906,462866519.80907,6154307742.59946,3981345970.74814,2240336824.50406
"stress-ng --cpu 1 --cpu-method idct --timeout 10s",7.1,927453954.49089,313340137.985407,561726172.087286,10347.9968545713,62.4900940453177,0,46.9900434951598,920062599.806376,48.0259074386449,310843044.851731,6.84581455511079,4857.90705133004,412130235.090043,618451.409928842,412620822.209635,625466.553095441,3465664927.80606,1012.76877440278,1899.0823850351,2572378568.10514,3515453526.72197,0,313525275.593785,3464733386.55993,128628408.871728,8563280960.69452,473541621.489508,3724554861.08726
"stress-ng --cpu 1 --cpu-method int128 --timeout 10s",7.07,85444496.4713446,85424527.00826,574348912.982444,12169.8250221141,257.375490718474,1.09340156261149,2.67175270637214,84908523.0516387,47.2961994620783,84888710.5482284,7.03911473132893,4514.35970953422,21436213.5931635,23981.5774716904,21590102.6407349,23926.7098895904,3465080777.70235,1072.28753254713,1935.8283148135,2571983716.31055,4797988624.97483,0,85325656.7971869,3465798543.87295,2430993.78489445,1240888510.46436,4636538377.50901,7013907429.89791
"stress-ng --cpu 1 --cpu-method int64 --timeout 10s",7,1224718.05853975,1225716.68426178,566418455.534942,13302.0724291314,146.594034767294,0,33.7455284426447,1222898.70710912,48.4948064953261,1223933.82832219,7.23877752152761,4529.03911916515,71287901.3914683,73377.8879635228,71081748.1043174,73059.4017970005,3464164046.98315,1142.44070702777,2082.69074702778,2571207710.12281,5986897170.9345,0,1223800.059573,3453677799.18684,6730516.23211496,6416947230.91251,144908878.507327,6288350449.91285
"stress-ng --cpu 1 --cpu-method int32 --timeout 10s",7.02,1199568.51998387,1122040.16966199,651094777.582334,12310.9715783591,187.145380413514,0,7.63949903429059,1199294.28720822,52.3369493624999,1121832.27586701,6.73861279456486,1684.53229345799,79389629.9593177,80922.659171029,79536420.0606322,81375.8149246793,3464689146.15814,1097.99850980572,1947.50940894403,2571613610.31402,6479857538.99019,0,1124504.06910069,3465885623.06224,7343853.87366223,6330083035.34555,56795779.7603386,6488761498.44054
"stress-ng --cpu 1 --cpu-method int16 --timeout 10s",7,904753.212938694,825077.998541569,567633986.523298,11909.496418246,99.137629727016,0.397219014965875,45.167319349104,904899.067116212,53.0771718175449,825168.294088209,7.65304094145086,5931.97838877706,81662023.2591204,83629.7614801959,84049278.1536276,85939.465802937,3462318040.37238,1006.87249008517,2019.94967895461,2569845049.44171,5864169837.73051,0,851991.551562224,3462939573.885,7058116.49354166,7108043270.99867,85352458.3519395,5662753166.58806
"stress-ng --cpu 1 --cpu-method int8 --timeout 10s",7.01,1361733.16134703,1278639.11677949,593669853.017615,9921.36672948181,149.537406635048,0,40.9879605339859,1362629.59753134,51.4487001538161,1279473.11498887,6.85235297940814,5144.51793793463,84919811.2233768,87105.0474466102,85145626.0855418,86542.9346570617,3465641100.65383,1052.75309624637,1843.39177621291,2572410342.22646,5993100667.72058,0,1279247.37529033,3462879036.90137,6538422.34925437,6807479615.17357,61676227.2590428,6009728214.89893
"stress-ng --cpu 1 --cpu-method int128float --timeout 10s",7.33,463483476.529537,271731320.473054,969400460.494364,12003.8505222192,48.0308160363346,3.07917639481513,44.4837799830103,467796213.499066,47.7794700729954,274259517.314797,7.84726948343088,12437.6748102589,537072609.340945,18962.2100368848,531424833.221537,18831.5252407355,3465972827.741,1088.21080347878,2067.95596759001,2572609971.59573,5794568598.88807,0,277003715.07684,3462762282.36273,2085581.93632094,253912925.811991,5113418354.17055,7413536200.73438
"stress-ng --cpu 1 --cpu-method int128double --timeout 10s",7.38,800150425.85222,409591037.898059,846575092.476621,18518.4051294938,110.502980049488,0,37.6290671367639,802542415.691252,48.5426627043896,410815795.743562,7.34543351025013,4526.39603868201,537108027.770618,3320792.09334575,534623502.516894,3246274.30538701,3466295660.58434,1049.9254886386,1883.35128874531,2572875017.45695,5180910049.8181,0,404187739.066245,3450174752.67545,764171399.647245,3247516746.24752,2697256864.04702,6189296624.24141
"stress-ng --cpu 1 --cpu-method int128longdouble --timeout 10s",7.21,870258254.142744,380553027.800423,884800915.052895,11291.4928221977,-7.6189880231196,0.198600926159475,38.1148411395771,869785799.3444,50.8243636209978,380346414.441816,7.44432941854376,14308.0357444971,767399830.625296,5726198.42237415,767467687.3024,5800921.30563237,3461438648.33169,1074.38058439989,1998.17279808044,2568870693.03393,4990992921.73737,7280915.59381041,379718587.216617,3461624853.51633,1023290719.30514,5500175557.88696,1078390000.75439,5256476419.7127
"stress-ng --cpu 1 --cpu-method int64float --timeout 10s",7.57,710760521.759385,382750473.21413,1229547425.54327,11684.2229901325,111.440621928723,0,11.2190186444861,713455595.494828,56.8900506039216,384201718.915602,7.54460837777254,12095.2942007854,900548391.882644,29833.5178852113,903960475.07322,30087.5368168778,3458501997.95218,1077.9252977872,1920.25725348707,2566985163.84599,6180245350.67317,0,383140559.350009,3458556149.35588,5875856.58241674,6067034378.50028,497567328.153204,6325644166.62961
"stress-ng --cpu 1 --cpu-method int64double --timeout 10s",7.65,985244588.01434,491122940.502148,940816495.328583,16696.6911399864,55.5444817907613,0.297917392987941,38.9115760569464,982453272.927708,51.1609484885346,489731670.557793,7.54950620034562,12494.5587017084,676884979.088737,4139681.8250219,676185580.967694,4021165.20874393,3464440460.44126,1027.57303915821,1968.69346299382,2571269321.78883,5466657024.88429,0,490693797.683936,3454990810.79727,893260776.058559,5391688259.60418,837200582.983379,5712393131.26787
"stress-ng --cpu 1 --cpu-method int64longdouble --timeout 10s",7.25,872346494.951586,379713787.459598,872877955.733401,12488.6907572624,145.165888378034,0.198329167138634,-0.419309595288347,871085389.209032,50.382112356992,379164790.624383,7.3382581975275,12334.5103704526,770978711.851828,5824099.50316048,772463171.316138,5782782.4051752,3460339205.12157,1057.71256024514,1989.87899381348,2568391863.40935,4893137684.93247,7044333.21620659,379488120.97534,3465686738.09745,1035876670.28966,5921024381.77523,853855085.32469,5060540294.99072
"stress-ng --cpu 1 --cpu-method int32float --timeout 10s",7.51,727348151.238401,391682237.918637,1230243603.56939,11491.5895827508,149.820635650594,0,-3.59047019317913,726088709.332246,49.9749232756336,391003717.849071,7.35173376769116,9451.75113769132,922353139.381409,30728.5299170198,920124230.59208,30730.8110725936,3461596036.42997,1071.70143941848,1939.32234827658,2569310264.34117,6045693463.52235,0,390327553.935315,3451460332.18868,6035997.53235918,6193236600.21882,593122469.514034,6069786790.50271
"stress-ng --cpu 1 --cpu-method int32double --timeout 10s",7.5,986497440.444709,491747497.978843,932614960.783562,18079.4130412861,107.730084805142,0,37.8882692223862,982764537.555442,51.4058156951329,489887083.960381,7.54146732407267,12574.9908442691,678223537.283492,3749379.65243957,675948558.019285,3832141.70980656,3462558550.11132,1131.45688746556,2030.03797240238,2570022044.3053,5367847576.25097,0,489068965.52353,3452040380.26012,897816143.239956,5548945534.0029,778114965.993313,5611983484.53349
"stress-ng --cpu 1 --cpu-method int32longdouble --timeout 10s",7.25,873760527.56475,380329389.186261,875619274.152772,13434.9040772055,70.1911100322236,0,12.9977523680843,871392751.783126,52.4085343992874,379298501.811006,7.13151531748978,5487.05610436113,771851575.162175,5795242.03297608,772826153.645485,5734123.68153218,3464325622.71326,1118.60851813138,1995.38744908725,2571346459.29311,4875508999.95141,6937160.56445454,378842813.496282,3460190662.27118,1039515173.98097,5944184729.25532,854941108.447718,5047913095.41974
"stress-ng --cpu 1 --cpu-method intconversion --timeout 10s",6.84,118742.467033946,119484.220855353,263333482.403976,9685.82352169867,98.2587049905099,0,16.2711844962656,118145.949212365,49.5830608159368,118879.76807713,6.94051152668888,4484.90491351883,65764149.309318,4096.83965346927,65856780.907426,4430.19633201682,3462865244.63036,1031.0637360022,1954.45819634131,2570286777.74432,3740279845.94344,0,118870.45658439,3453984852.42794,802970.495938083,9119137713.9733,2068155.91458708,3760237012.60213
"stress-ng --cpu 1 --cpu-method ipv4checksum --timeout 10s",7.94,913528112.263657,121183585.210048,1333252764.03869,10179.2393284079,68.2264489628914,0.0992886157258457,48.2371974287937,912610183.724681,50.891291247046,121061529.789914,7.63800293054042,4488.55847328769,1036615172.87598,29509928.7589026,1041592293.24371,28684624.6006348,3464620410.10905,1066.24134134145,1948.0760257853,2571546077.80002,9087151307.75307,0,121070777.695912,3453868850.22016,2432884874.82018,92617585.5009123,1220626552.97106,9172205364.26217
"stress-ng --cpu 1 --cpu-method jmp --timeout 10s",7.99,1140748363.61044,2279974621.94603,1901433210.15029,13295.75144088,114.321849555329,0,13.3972861234813,1139890860.17675,48.479146914669,2278260929.78885,7.7485353209897,5902.20412549674,1807773839.82402,97988.5354590094,1809048956.48014,98108.2325489559,3456994114.6567,1031.41152110793,1828.94905784724,2565896023.77289,9984914877.28826,0,2282269784.26453,3462992706.89062,8063307.26636737,1910027.07855054,2857602331.65207,10009348674.1764
"stress-ng --cpu 1 --cpu-method lfsr32 --timeout 10s",6.79,483534.940893895,368722.212932001,318260947.21552,11786.5388523989,157.664076580157,0,41.1839154199185,482996.364536055,49.5029909302181,368361.518721062,7.24113794148948,5968.01287855423,79585752.571143,41394.6292029367,79327040.6650695,41429.9111433074,3462747077.51942,1076.99115953375,1942.15727534387,2569967128.41574,3952952082.96857,0,368034.053830771,3457320365.90952,3557643.02152555,8899653429.46625,2437985.51822231,3969591213.91306
"stress-ng --cpu 1 --cpu-method ln2 --timeout 10s",6.85,285407998.956134,285184285.459342,145120919.162897,11736.1562838741,91.0834377206993,0.198598608153832,29.1774065604442,285531097.461755,52.1044184847133,285307503.592378,7.34337199974495,4983.90062621452,71749224.6387892,47563.4662409983,71610108.8087348,47505.6273720183,3464270402.10994,1087.63998306719,1912.69394255537,2571298592.59777,1712788629.74037,87875744.7061501,285495425.221468,3462264024.73333,11331911.4883552,11073124529.8366,39596199.663138,1749100791.31156
"stress-ng --cpu 1 --cpu-method logmap --timeout 10s",6.65,328847.210877524,233278.688368667,199038854.178214,9872.91824195493,113.176187102481,0,43.8621578766452,329371.303723009,50.1398221865017,233640.217430004,6.94925501444092,4570.32529767979,39903337.7864472,22208.4602420967,39940284.6153293,21963.8358752426,3455395125.21951,1047.57068021162,2046.02079665461,2564753638.98273,1944656307.11063,0,233421.087740463,3459885351.99116,3571834.22245013,10928628439.0681,1878787.15981184,1951522993.71255
"stress-ng --cpu 1 --cpu-method longdouble --timeout 10s",7.14,809863036.472758,345482863.467971,734259324.81596,14265.6668358213,205.98913136727,0,10.7979459748572,808857694.572873,51.4727984832892,345059812.754216,7.6358515265087,4720.70808002482,622919842.159776,3625259.28159768,624353721.700592,3631692.41128214,3459857207.6726,1043.98325974509,2001.93477368354,2567863526.12776,3983167887.82515,8105324.17612141,345555313.849473,3464153169.04106,809215878.29856,6966556939.05753,900581865.597563,4201488810.08108
"stress-ng --cpu 1 --cpu-method loop --timeout 10s",7.79,4198191824.86849,2099401914.53807,1052055424.48666,11364.1861466982,96.3092970079111,0,8.23570521009311,4380730955.92816,49.8430009381541,2190682312.10386,7.13340592473671,5649.03886005725,812681618.369607,52248.9254728549,1015790414.24977,64570.8280772709,3460135040.69643,1036.43213397412,1934.96011185779,2568223130.41456,9903473218.40575,0,1980775105.37985,3463013312.9067,9790348.57768782,2591720696.32414,3753451.91598335,7780448695.18041
"stress-ng --cpu 1 --cpu-method matrixprod --timeout 10s",8.34,1632840149.85935,37781112.6892116,1039840401.54989,10417.401006328,99.267085468171,0,42.4698255920808,1638084632.51687,63.7425612437529,37902052.1742616,20.6563256422026,6398.45882916288,818914042.699452,6393253.08422304,821668659.400774,6414856.24799918,3461837072.70364,1022.64142426667,2046.57913963154,2569536125.60149,6752263790.63115,60276196.6545631,37869964.8448742,3460791192.27977,1167156858.11513,4904135881.3604,16448977.2752038,6792696749.95396
"stress-ng --cpu 1 --cpu-method nsqrt --timeout 10s",6.92,4112389.32701221,3823852.11200905,314318820.623391,10380.8742211948,108.191575075478,0,1.9764380527165,4107170.35518039,51.0249389203767,3818981.12625405,7.24596274984632,1521.44131102894,577400621.398096,174118.738484508,578058584.407011,252461.930789973,3462987656.2235,1143.0772614397,2060.01342432353,2570417635.15316,3092825045.43096,3446877.25321787,3820456.99706754,3462697688.45676,35356436.2835979,9406738349.12789,100380459.327543,3289479899.44581
"stress-ng --cpu 1 --cpu-method omega --timeout 10s",6.84,48538485.1049056,23078527.657399,572204434.226819,11248.9643773753,76.3817678721002,0,39.1060118675461,48600014.3916658,50.0629484810439,23107731.7247981,7.35001643030713,4551.34362144951,42822854.892282,23351.7488079008,42897209.3876854,23002.0979109509,3466607026.56622,1034.2493237415,1926.84889262207,2572844057.14265,338706620.068391,11381231.6210495,23113959.2042612,3467067592.42365,1004044965.70871,5196138603.26657,5344752793.68299,1314678395.35081
"stress-ng --cpu 1 --cpu-method parity --timeout 10s",7.15,454059.705200296,306669.659562624,2195819701.15798,9848.22723368429,128.369657791937,0,12.2007986484509,452532.836929238,50.856332325815,305512.545051015,7.64789758456043,4502.76282936988,1627876851.54501,14964967.2267548,1632718252.12335,14997405.9598338,3454801684.82569,1085.65402255106,1929.20618361281,2563949870.37869,7779784795.2009,0,306952.140905688,3465467577.52847,2783823313.14607,1323767915.53475,948731955.497407,7708368216.73029
"stress-ng --cpu 1 --cpu-method phi --timeout 10s",7.26,250671472.465627,146266961.477269,1670685916.48417,11651.567177094,88.054292401519,0,40.6840996902804,249298031.826778,49.7299530992596,145465582.180463,7.54336987046843,6138.32572696969,2853186291.30146,3469.37306189407,2864462626.23065,3444.56095403937,3451554615.69742,1144.2892597546,2068.3224596265,2561855757.07433,12600280196.8861,0,146364660.696827,3466278316.94279,758326.488914009,64677091.8501444,106535404.015247,12709507839.2166
"stress-ng --cpu 1 --cpu-method pi --timeout 10s",6.86,291629531.449971,195129219.27367,248417101.558256,13154.4802072558,233.881230022596,0.496357069441922,13.5823398060556,291039904.433363,50.6361480667424,194734875.927953,7.53009715589733,12707.0018415347,120450702.431012,3937.86151013126,119261065.613983,3999.26517125911,3460771043.36699,1065.07335123516,2004.07787867419,2568828920.66596,1603302441.3215,13175099.7977632,195306265.14775,3462662572.01285,748880098.765033,8622680490.41094,1490729336.68933,2020319227.17523
"stress-ng --cpu 1 --cpu-method prime --timeout 10s",6.96,101108.703585005,100886.51358467,831003306.259337,10753.9425213056,65.7825130020786,0,14.2960413057478,101535.439722015,50.5564141786493,101258.928649398,7.25013123222967,1423.99828934174,531141234.355938,11105476.668143,530362962.685175,11048534.0949005,3467991100.38781,1073.0598371746,1967.80276837609,2574143347.79647,2288937047.30769,0,100975.181361281,3455685726.85821,1758879407.0556,6820007837.50068,1156560815.55026,3145602693.99646
"stress-ng --cpu 1 --cpu-method psi --timeout 10s",7.01,28040945.2536657,15340194.1312309,254229193.242785,10850.4583572367,186.045717581812,1.09279386726863,-3.98833303650824,28085179.4114581,49.6305693413146,15364361.7357609,7.14607260817775,5213.35751085273,494210838.431765,3759.63310932521,493468555.135809,3721.12361106192,3466063743.96323,980.15323550914,2055.80223310237,2572496074.54838,3844341997.5881,2545578.06015152,15371671.8507046,3464555797.1914,933290.083089695,8091652193.08732,236548902.513858,4554463711.65382
"stress-ng --cpu 1 --cpu-method queens --timeout 10s",7.53,813792723.887039,813791584.791016,1097438293.24372,11091.3079093858,110.083444848048,0,14.5834750665846,812323822.766386,49.6634028951556,812322674.016312,7.03697923489306,4543.19627350604,511744078.522986,60375935.2618782,512665680.005289,60499575.5919049,3458866027.04651,1092.47767481415,1907.60492156235,2567518299.28608,4678837855.67507,0,810781046.476384,3467671936.16055,5808560469.27034,158219119.636062,1927224628.24431,4965705615.36191
"stress-ng --cpu 1 --cpu-method rand --timeout 10s",6.92,356293.328200907,331576.714363087,479814634.39255,10260.4950596095,183.463822869355,0,-3.98850496143274,357002.774108725,48.4846304617147,332221.098560089,7.05364305816861,2059.30194784497,53485796.4011819,28255.5828991617,53623798.7519504,28633.2771014617,3456927140.81425,1010.18578125168,1782.90681071212,2565862519.60949,5214984049.27174,0,332459.494577867,3463153835.45332,2393654.53601148,7653330834.18424,3358602.5131334,5226568825.45831
"stress-ng --cpu 1 --cpu-method rand48 --timeout 10s",7.31,1558487956.98598,833673560.828743,833831600.995392,12260.1729169435,34.2758778742089,0,37.3173545965196,1556799339.86795,50.8947094009142,832770277.103963,7.43996891618107,9559.90075788321,760334777.750932,5052.17805406967,766943410.564397,5101.62733176905,3461571492.71463,1045.45371676178,1931.59149551128,2569281416.8268,4911096417.06887,0,830589500.963,3453392581.28201,1123056.21986846,7397653066.36454,256267641.614677,5151445468.54051
"stress-ng --cpu 1 --cpu-method rgb --timeout 10s",6.72,1198315.17285387,52864038.1134607,170424425.481229,12229.9538104859,165.73972033017,0,4.33885281272474,1199124.58277777,50.8963631402245,52915322.5631573,7.24165351062435,6156.9498804641,7011473.26271141,55237.2474010927,7026389.25944355,54668.7207085432,3455847580.91532,1066.81457514417,2024.71666165224,2565033789.24386,1538831828.10551,0,52907237.3174656,3461838154.17343,4818018.82520513,11330823541.2807,1504980.54984318,1544588265.16204
"stress-ng --cpu 1 --cpu-method sieve --timeout 10s",7.49,1039121474.20601,687168493.343196,990911324.317478,10327.8355707943,29.37179697607,0,27.4777951486405,1034620357.37019,50.6126773971364,684191921.125809,6.64792319545221,6645.78676708884,729101097.024818,389786.665467987,728049400.172245,387119.386125003,3466018121.15805,1075.37884567855,1874.13008411186,2572664493.02951,9437150124.39327,0,686733350.370108,3465280750.31889,152875814.650511,3217210215.43871,46546558.7529876,9467005693.66918
"stress-ng --cpu 1 --cpu-method stats --timeout 10s",8.09,1442539763.20918,1102458620.4867,1271686836.09119,12449.2182974847,130.153126676593,0,8.82365084845545,1571490737.97125,51.3469960965947,1201007079.37572,7.33417221569022,6548.35276073833,1051307380.0774,1186796.12788901,1055567504.51015,1191318.27766692,3458956486.34828,1152.0229958964,2104.63884979018,2567395052.23478,8421504467.2458,0,1202879502.87746,3464840146.06795,169240453.099453,1709201748.53759,2550183269.34204,8443927991.79765
"stress-ng --cpu 1 --cpu-method sqrt --timeout 10s",7.09,394272459.925833,394243347.203173,493027123.739033,10868.8280674097,127.891526023826,0,38.8033791472045,394431638.839856,51.1957390010564,394402704.904948,7.12821096126614,876.62825940352,593255719.876862,8145.38404899695,592064934.428045,8863.14607711244,3461168243.34467,1120.54257701934,1954.33771277837,2568996520.16656,3747109000.83241,68861068.0875247,394514891.835185,3455270913.36355,1906607.23545935,8998297543.29473,100562471.297921,3766113206.31597
"stress-ng --cpu 1 --cpu-method trig --timeout 10s",7.04,430120234.263979,171152096.273477,444346974.092612,11960.7455544962,166.928756460296,1.29127718357435,6.54046304581217,430007476.396487,59.3722704826308,171107416.735882,7.64378731410929,12525.9486303143,184048084.059674,120910.269170209,183584340.920962,206354.777579132,3462675897.30626,1015.01719850556,1890.09810677236,2570111424.09399,1633732671.17539,12658089.3330605,170583500.844501,3453604692.47443,1131882060.33845,4642963884.76421,4467410447.60044,2617931940.97789
"stress-ng --cpu 1 --cpu-method union --timeout 10s",6.93,384767043.712301,240540915.617471,289620813.426791,13377.3720464469,25.8015141289283,0.0993442005263959,44.4916333378828,384628457.583513,51.3396112463517,240454508.988284,7.04969830837962,4526.05506928808,24286475.5654216,26633.1215423057,24318077.81322,26629.9449396639,3456870627.79997,1106.08362729027,2061.74634105183,2565909925.83656,3032410183.24578,0,240897050.738072,3465467021.59471,2592311.91523675,9831065615.42843,14460173.1305198,3031374482.55832
"stress-ng --cpu 1 --cpu-method zeta --timeout 10s",7.41,1161745081.6694,434420012.333488,857739267.120061,12784.6228590728,107.271809321654,0,15.2852049388426,1161657084.7284,49.5284840078513,434387416.210303,7.04634326175116,20048.2081992088,964075673.032682,13528.7559910701,963443713.514239,13849.7885353508,3466800294.51827,1082.52245001503,1880.64204054736,2573236838.76547,5311286177.12541,13332943.3012596,434995055.180128,3459226390.41826,3671445.36911289,6835507613.45581,464918915.053412,5565548629.77883
