"command","watt-median","L1-dcache-loads:u","dTLB-stores:u","dTLB-stores:u-square","dTLB-store-misses:u","dTLB-store-misses:u-square","iTLB-load-misses:u","iTLB-load-misses:u-square","branch-loads:u","branch-loads:u-square","branch-load-misses:u","L1-dcache-load-misses:u","L1-dcache-load-misses:u-square","branch-instructions:u","branch-instructions:u-square","branch-misses:u","cpu-cycles:u","instructions:u","instructions:u-square","mem-stores:u","mem-stores:u-square","ref-cycles:u","slots:u","topdown-br-mispredict:u"
"sleep 10s",0,0,0,0,0,0,0,0,0,0,0,0,0,0,0,0,0,0,0,0,0,0,0,0
"sum_up_benchmark",11.415,1902017240.10805,766578119.638206,"5.876420135080476e+17",211483.675442359,44725344978.609,109381.308268793,11964270598.5927,2430663225.65743,"5.908123716563383e+18",16328427.4222474,7010385.51223173,49145505030108.5,2382488333.60417,"5.676250659759974e+18",15942145.7385711,3098193380.76782,11006789198.2768,"1.2114940845530284e+20",909366006.417931,"8.269465336284965e+17",3134993451.98879,16851332437.459,2316390249.37924
"stress-ng --cpu 1 --cpu-method all --timeout 10s",9.81,999371659.178709,451567430.606465,"2.0391314438452458e+17",445.960164206214,198880.468058833,33895.8245782252,1148926923.83782,831462527.474218,"6.913299345938148e+17",12173349.4775528,64748824.4173323,4192410263426530,834075650.430514,"6.956821906410849e+17",12145093.4359854,3456443579.82158,7607541582.57032,"5.787468893053653e+19",452457782.191367,"2.0471804466553046e+17",3468530315.87654,20717570764.0899,1787447327.24331
"stress-ng --cpu 1 --cpu-method ackermann --timeout 10s",9.535,1340749777.70635,1340901078.65979,"1.7980157027509885e+18",64.698174505382,4185.85378432886,88.9157021150716,7906.00208261615,4268624481.12842,"1.822115496088887e+19",7516859.32813596,9057.11275865917,82031291.5230667,3774870969.52742,"1.4249650836580884e+19",6593654.09657831,2874015584.13453,13189178963.7655,"1.7395444173823436e+20",1341063760.36964,"1.7984520093767596e+18",3465343767.22379,20804300282.8758,652835429.25916
"stress-ng --cpu 1 --cpu-method apery --timeout 10s",8.59,462420706.937085,461348738.889184,"2.1284265887464048e+17",64.146326681664,4114.75122675076,277.392659363789,76946.6874689151,924854716.442451,"8.553562465258464e+17",12068.4927496332,4082.67025432224,16668196.4055276,922040803.940713,"8.501592441316365e+17",12308.3782745283,2872220439.08575,10559345637.7852,"1.1149978029821333e+20",555836403.27756,"3.0895410720853434e+17",3463458466.16791,17248373532.9851,215501.468830258
"stress-ng --cpu 1 --cpu-method bitops --timeout 10s",8.435,176145.840220474,97105.984652513,9429572255.33409,64.0094477445324,4097.20940056002,378.654119704771,143378.942369395,1919027279.93943,"3.6826657011517276e+18",98204.4304726028,5689.40021531671,32369274.8100458,1920899317.80261,"3.689854189134532e+18",105422.54538733,2872338515.21742,14656786803.1793,"2.148213993938509e+20",97602.0227905593,9526154852.80886,3460885392.20997,17230810521.4894,210315.168120114
"stress-ng --cpu 1 --cpu-method callfunc --timeout 10s",9.105,1394248323.09356,1135438919.92526,"1.2892215408810412e+18",62.0264484496204,3847.28030727342,114.574308951845,13127.2722717928,2922540607.83221,"8.541243604428263e+18",3455383.91647264,8679.50100754079,75333737.7399016,3540829927.47867,"1.2537476575328604e+19",4197421.59630288,2868735375.26597,10274768712.4567,"1.055708720944791e+20",1135332908.35524,"1.288980812794368e+18",3469837605.61476,17218663803.0666,472832902.945364
"stress-ng --cpu 1 --cpu-method cdouble --timeout 10s",10.69,2712739017.94511,1193429548.09323,"1.4242740862620111e+18",61.9953074357083,3843.41814404799,191.146843569976,36537.1158067649,1712179127.89214,"2.9315573659894886e+18",7342886.53438742,14357.1714583512,206128372.284494,1710696484.79583,"2.926482463092809e+18",7358992.17809229,2873696690.34431,11137607283.9238,"1.2404629601091248e+20",1194497291.1262,"1.4268237785078298e+18",3470231353.97117,20765103598.523,1954404712.39117
"stress-ng --cpu 1 --cpu-method cfloat --timeout 10s",9.27,919761239.915638,504378786.81005,"2.543979605839779e+17",67.679019414437,4580.44966889974,10467.5707788858,109570038.010984,629632188.114844,"3.964366923102863e+17",3272854.13724899,6029.95362931693,36360340.7717124,631815394.844602,"3.991906931626403e+17",3299464.21166313,3461361973.47426,3823910923.5921,"1.462229475156699e+19",503722764.0542,"2.5373662302640323e+17",3464083989.32707,17231220317.0757,811000235.690497
"stress-ng --cpu 1 --cpu-method clongdouble --timeout 10s",9.53,1066080345.86217,501882471.955299,"2.518860156559615e+17",80.067742338948,6410.84336325617,234.732890637436,55099.5299470065,742305807.136775,"5.51017911308979e+17",1991781.55164686,16361.926843176,267712650.021443,745816366.315437,"5.5624205226396205e+17",2015230.75741027,2863579110.71927,4943208729.84761,"2.4435312546841625e+19",501385948.18749,"2.5138786903986838e+17",3468136449.35981,17230017950.6879,675822451.164763
"stress-ng --cpu 1 --cpu-method collatz --timeout 10s",9.155,13065886.7360163,9127636.11383656,83313741026613.4,61.9683811458634,3840.080261839,173.208100379659,30001.04603713,1753994411.09098,"3.076496394138394e+18",594480.948520992,4090.05786406809,16728573.3314252,2109578185.34656,"4.450320120090085e+18",637484.246477586,3466812592.68535,7720338213.73708,"5.960362213448904e+19",7562055.23874217,57184679433787.9,3461546895.19368,17251548256.2057,67852739.8517069
"stress-ng --cpu 1 --cpu-method correlate --timeout 10s",9.16,1402432633.4609,3901730.55354568,15223501312471.9,70.0987520151574,4913.83503408253,143.655953271524,20637.0329103503,709299328.998998,"5.0310553811842886e+17",1592760.87251965,27773247.5022426,771353276820825,855547326.689766,"7.319612282060052e+17",1920495.0634654,2867554281.97165,7845249043.05638,"6.154793254757705e+19",3241932.66103103,10510127378659.7,3468987852.91785,17223668725.7199,270355640.30669
"stress-ng --cpu 1 --cpu-method crc16 --timeout 10s",8.305,90711146.7340845,585983.120560116,343376217581.371,63.6216774685369,4047.71784391054,320.224414463659,102543.675618593,91246617.7464467,8325945250166162,172820.082486372,5594.99804044101,31304003.0725387,90961076.6817346,8273917471100403,171951.939932358,3398577414.46065,5963810092.86457,"3.5567030823753306e+19",586224.160636671,343658766514.169,3464408508.72375,20337005344.6566,212294.148432852
"stress-ng --cpu 1 --cpu-method dither --timeout 10s",10.69,1805923141.7443,1572381485.18482,"2.47238353495202e+18",195.420129862955,38189.0271556542,408.391823115331,166783.881187464,1743360871.71148,"3.039307129014611e+18",389058.498757691,48197958.9788368,2323043249725630,1734017127.17605,"3.0068153973398815e+18",349186.512599354,3450096487.12464,11887861813.8536,"1.4132125850527859e+20",1581023414.45764,"2.4996350370632945e+18",3461397783.80106,19837717010.1171,210308.512800944
"stress-ng --cpu 1 --cpu-method div8 --timeout 10s",7.5,178341.150250032,113103.063575658,12792302990.1993,63.9382258184921,4088.09672081649,240.599590476036,57888.1629372362,480775444.299208,"2.3114502784110083e+17",2164268.53875032,4926.05419256456,24266009.9080829,480829122.735313,"2.311966452704107e+17",2171551.55619562,2865792352.40865,3368532349.39818,"1.1347010188942023e+19",112506.466539011,12657705013.0936,3465528188.94223,17247230439.354,135467308.529561
"stress-ng --cpu 1 --cpu-method div32 --timeout 10s",7.555,178467.103198672,125493.003802851,15748494003.4624,60.4899830528024,3659.03804972832,114.973357292016,13218.8728869976,479926386.086614,"2.303293360621577e+17",2142838.24622973,5276.05497217329,27836756.0693945,481031953.497458,"2.3139174028558058e+17",2146794.12969594,2952071217.8521,3368734299.67571,"1.1348370781811597e+19",112511.740982463,12658891858.9048,3465835286.54476,17224527280.6378,135289114.286477
"stress-ng --cpu 1 --cpu-method div128 --timeout 10s",9.555,1025189618.57567,329112977.7473,"1.083153521216948e+17",62.8317252881965,3947.82570269139,114.194150297957,13040.3039622724,1971449907.19613,"3.88661473658363e+18",20569567.4468861,4159.81085455474,17304026.3456714,1632216190.25647,"2.664129691735345e+18",16918566.95432,2872357817.3821,13356780246.0389,"1.78403578540975e+20",395375648.162032,"1.563219031595469e+17",3467680814.40318,17247054080.3509,3719764335.34655
"stress-ng --cpu 1 --cpu-method double --timeout 10s",9.7,2259072532.26476,603763533.365243,"3.645304042216828e+17",62.575157000081,3915.65027358479,1700.47417141324,2891612.40764355,883600455.016112,"7.807497641046801e+17",10688232.0768622,11198.3377605537,125402768.599443,882175327.362021,"7.782333082062889e+17",10691691.5127945,2869615189.05325,7878360413.16033,"6.20685627996518e+19",731574475.592688,"5.352012133387164e+17",3472056275.52212,20791214042.9328,2446016458.62967
"stress-ng --cpu 1 --cpu-method euler --timeout 10s",9.515,746515714.03158,619580088.944548,"3.83879486616534e+17",62.2214947916979,3871.51441411329,196.37332510253,38562.4828118239,1126318218.88243,"1.2685927301864896e+18",3431.53672444001,5237.67870003435,27433278.1647935,1124079163.31483,"1.2635539653985684e+18",3281.82205477298,2871937497.5938,9251992000.77472,"8.559935598239939e+19",747934455.688264,"5.594059500056998e+17",3461392045.72345,17215372197.554,212424.100833478
"stress-ng --cpu 1 --cpu-method explog --timeout 10s",8.39,1123741404.04515,279533335.391682,"7.81388855951986e+16",63.8114275543524,4071.89828652436,597.472006504642,356972.798556683,660533828.564815,"4.363049386784925e+17",2959.41965951898,10390.7266449233,107967200.209519,660346787.186069,"4.360578793469635e+17",2957.12616132641,3468702400.22893,4401626971.97905,"1.9374320000453456e+19",242643089.709215,"5.887566898363415e+16",3465588102.69764,17243646983.0874,218293.520753658
"stress-ng --cpu 1 --cpu-method fibonacci --timeout 10s",8.44,218778684.008957,108932446.423317,"1.1866277883768828e+16",61.577379838767,3791.77370780779,313.694450958507,98404.2085621592,2636338495.82557,"6.950280664571829e+18",26630737.0333219,5182.58928862337,26859231.7345537,2140244045.1629,"4.5806445728552535e+18",21619789.2561236,2867564049.12094,8562348818.42588,"7.331381728839907e+19",108433720.328109,"1.1757871704194558e+16",3464966184.60958,17236461074.2785,3785066374.26886
"stress-ng --cpu 1 --cpu-method fft --timeout 10s",12.83,3929111550.48592,1717571313.92536,"2.9500512184192876e+18",298.618974365247,89173.2918509521,33294.0461204082,1108493507.06787,2124929385.6944,"4.5153248941875804e+18",995111.12996167,49073524.6697014,2408210823507790,2132531105.49975,"4.5476889159239854e+18",969180.925086351,3469284667.79613,16886800926.1668,"2.8516404551998787e+20",1712951815.5868,"2.9342039225221146e+18",3471114627.76497,20773589208.0416,163132670.295399
"stress-ng --cpu 1 --cpu-method fletcher16 --timeout 10s",8.465,341132225.821588,2060271.50651594,4244718680561.46,65.1280778049731,4241.66651857063,119.240168410479,14218.2177625594,319755562.986779,"1.0224362006099198e+17",595661.456693113,5363.7640578207,28769964.8679692,319679805.124528,"1.021951778044562e+17",595734.500965587,3468000550.11527,7635720250.7416,"5.830422374758536e+19",1922859.04358691,3697386901503.97,3472815988.43937,19356905964.3135,206664.153155309
"stress-ng --cpu 1 --cpu-method float --timeout 10s",9.345,1076136798.63782,227716713.519291,"5.1854901616026856e+16",62.783064763485,3941.71322109595,1344.52135252806,1807737.66740388,593700859.221583,"3.5248071024044595e+17",11166362.0282133,6383.64370517444,40750906.9546132,595243483.068672,"3.5431480413572435e+17",11313849.8342928,2866684073.15381,3194892997.97839,"1.0207341268531345e+19",227497983.115389,"5.1755332321569816e+16",3467327540.68984,17225804939.217,1823921645.25824
"stress-ng --cpu 1 --cpu-method gamma --timeout 10s",8.515,49909471.0270185,60096.0969539065,3611540869.09333,61.6157130636031,3796.49609633627,399.828953371443,159863.191954104,138250711.313486,"1.911325917868485e+16",2687.08745812004,5906.66710830644,34888716.3283492,138725538.612798,"1.924477506341091e+16",2789.30384932194,3460715706.16714,1497244702.38223,"2.2417416988116526e+18",60083.437673636,3610019482.6817,3466271464.57184,20815870692.5988,213310.24061625
"stress-ng --cpu 1 --cpu-method gray --timeout 10s",9.085,675914.83501879,280298.982135816,78567519386.3745,62.7907174857971,3942.67420238119,104.57672998027,10936.2924533663,362741383.891722,"1.3158131158768165e+17",62307.7780504875,6139.75782823239,37696626.1893409,360284975.305935,"1.298052634311982e+17",46079.964836429,3466565113.42925,10843441431.1069,"1.1758022206984564e+20",319864.839860584,102313515779.037,3462462973.88432,20802495625.3737,210829.477908706
"stress-ng --cpu 1 --cpu-method hamming --timeout 10s",9.59,348588770.245632,348142562.5643,"1.2120324386883754e+17",59.039627301051,3485.67759184701,594.777405402898,353760.161977803,772605366.924052,"5.969190529998491e+17",3347.12691984537,5253.89433791708,27603405.7139971,778754089.039751,"6.064579311961325e+17",4266.4243261042,3010826014.72405,17234950797.8404,"2.9704352900397944e+20",307826579.065289,"9.475720277903864e+16",3463981732.16909,20803890359.1705,206246.930285789
"stress-ng --cpu 1 --cpu-method hanoi --timeout 10s",10.55,2553565316.45535,2566093426.72204,"6.584835474666063e+18",63.081301731444,3979.25062813348,181.984342656263,33118.3009720322,2344675730.4679,"5.497504281045179e+18",71108.5031992206,5630.7758241495,31705636.3818265,2827393322.05339,"7.994152997592105e+18",100179.725440803,3461164677.37825,13332855080.8974,"1.777650246082116e+20",3085044771.24482,"9.517501240585005e+18",3469505922.97584,17220925642.4237,209861.338543154
"stress-ng --cpu 1 --cpu-method hyperbolic --timeout 10s",9.495,844605261.026065,343075563.681924,"1.1770084239566987e+17",56.8528999171061,3232.25222898448,4765.12731946966,22706438.3707561,698058790.57431,"4.872860750980683e+17",24443.754278519,9750.32745247449,95068885.4304777,697706307.553882,"4.867940916004722e+17",21976.3287972839,2873934594.72012,4602185895.67709,"2.1180115018369135e+19",343235803.15836,"1.1781081656976445e+17",3471132928.29477,17191615123.9219,1213610226.14413
"stress-ng --cpu 1 --cpu-method idct --timeout 10s",9.505,1691692967.44858,572406551.347089,"3.276492600250677e+17",63.1497953776956,3987.89665624482,6939.9279549509,48162600.019909,753287623.995632,"5.674422444649847e+17",1074894.60100683,7358.29764239823,54144544.1941234,750766560.655506,"5.636504285984976e+17",1069530.84057716,2872274828.06922,6403022700.61237,"4.099869970455732e+19",570962028.489598,"3.2599763797695654e+17",3461852154.84782,17233689136.8003,135364659.386753
"stress-ng --cpu 1 --cpu-method int128 --timeout 10s",8.525,191504930.521086,158384422.810158,"2.5085625388906904e+16",62.3982735975802,3893.54454795847,96.5648239942047,9324.76523303173,48017880.2791801,2305716826505670,49734.2829568195,4151.08506231277,17231507.1945562,39857648.8320838,1588632170421711,41512.7384806432,2861638799.06576,8918058927.05547,"7.953177502643375e+19",158475488.541565,"2.51144804684877e+16",3469029619.51743,20771277753.4197,207197.690424283
"stress-ng --cpu 1 --cpu-method int64 --timeout 10s",8.425,2068261.86626828,1690810.81603513,2858841215621.38,61.9191981021705,3833.98709361583,167.232614106367,27966.7472208491,103355726.781553,"1.0682406258543032e+16",104464.705043418,4062.1132551371,16500764.0975605,124727401.106709,"1.5556924586833874e+16",125753.775645679,2874041361.64459,8700813050.04079,"7.570414773176012e+19",1691645.00891164,2861662836175.66,3466491313.37675,17253667801.7618,212615.511276132
"stress-ng --cpu 1 --cpu-method int32 --timeout 10s",8.445,1910097.94142595,1455945.6476817,2119777729003.29,62.7520409492531,3937.81864329674,457.498917842326,209305.259826899,108598429.776224,"1.1793618949861456e+16",109739.205417571,4827.72002217626,23306880.6125215,108536515.291555,"1.1780175151633952e+16",109611.91315906,2872315086.08454,8814561550.57952,"7.769649532895483e+19",1451643.77538299,2107269650608.18,3459761788.38842,17191021854.3939,206070.253451161
"stress-ng --cpu 1 --cpu-method int16 --timeout 10s",8.225,1153870.72793365,1011683.72507557,1023503959582.78,63.3542527464727,4013.76134106394,150.921087691638,22777.1747100271,107019619.539848,"1.1453198966453816e+16",108122.289889956,4352.89165663782,18947665.7744271,106740533.923758,"1.1393541582328932e+16",108036.625263599,2875293918.29058,7432091933.42683,"5.5235990506908164e+19",1010188.9346715,1020481683732.74,3469872519.63637,17223432732.0915,207984.346741979
"stress-ng --cpu 1 --cpu-method int8 --timeout 10s",8.415,1778378.88840452,1631806.60793489,2662792805699.97,61.934887817959,3835.93032902317,139.443826969927,19444.5808800189,113336603.840819,"1.2845185770170748e+16",114537.304973429,4784.06024404891,22887232.4186893,113287481.29746,"1.283405341872235e+16",114434.581499718,2874764388.95933,7986333813.1819,"6.378152777557255e+19",1628621.77443372,2652408884159.64,3467220807.62744,17239156175.4444,205286.150043047
"stress-ng --cpu 1 --cpu-method int128float --timeout 10s",9.915,926731621.306283,544344823.903674,"2.9631128731072186e+17",81.2844806088431,6607.16678784939,30289.2910878042,917441154.601735,1057270817.78671,"1.1178215821433786e+18",108632.284022991,5139.7597121274,26417129.8984079,1056637224.28076,"1.1164822237357492e+18",65140.2381329133,2871550185.60542,11405284505.478,"1.3008051465089656e+20",545101857.709036,"2.971360352778421e+17",3470340765.90651,17207151802.2874,208443.951481467
"stress-ng --cpu 1 --cpu-method int128double --timeout 10s",9.695,1566177886.59057,801206435.228147,"6.41931751850995e+17",64.5133238171232,4161.96894993299,11775.2404024324,138656286.535076,1047944053.62133,"1.098186739520305e+18",217946.011485394,11410.264981434,130194146.946539,1046035517.89525,"1.0941903046983837e+18",240899.746787381,2871539380.58608,10271777863.5276,"1.0550942047765561e+20",801245552.24939,"6.4199443499943e+17",3460423282.60579,17230268119.3251,135332556.805378
"stress-ng --cpu 1 --cpu-method int128longdouble --timeout 10s",9.595,1228407268.6894,536482623.151431,"2.8781360494344035e+17",113.748055567462,12938.6201453784,97589.4991556415,9523710345.44895,1083213192.26981,"1.1733508199073523e+18",9481550.5662126,21986.4872452748,483405621.386631,1081848366.94626,"1.1703958890642895e+18",9666996.06004508,2871947864.45327,7056338868.69229,"4.979191822981759e+19",536782897.157822,"2.8813587868114493e+17",3465017432.51606,17170934047.5146,1885441392.26425
"stress-ng --cpu 1 --cpu-method int64float --timeout 10s",9.525,969184299.068068,456654967.080503,"2.0853375895929526e+17",59.8290333417332,3579.51323060622,408.42829201059,166813.669714688,1073260900.02059,"1.1518889595130067e+18",34896.2633914028,6541.0107220385,42784821.2658226,1076371438.46866,"1.1585754735510925e+18",34784.8404212716,2866822141.17869,7351039146.32605,"5.4037776530818015e+19",455667191.637185,"2.0763258953451907e+17",3460366980.58128,17222290731.5721,211596.192885119
"stress-ng --cpu 1 --cpu-method int64double --timeout 10s",9.57,1882638572.69285,778963620.81335,"6.067843225506445e+17",66.2577995623195,4390.09600284051,8131.8707563578,66127321.9981072,1074530321.0836,"1.1546154109280246e+18",138881.60282031,11287.7632699235,127413599.637834,1070557268.80575,"1.1460928657928269e+18",312681.911811044,2872384309.07335,8671918410.09923,"7.520216891141795e+19",778325802.888391,"6.057910554418586e+17",3468565377.17028,20755776622.2907,244364581.379765
"stress-ng --cpu 1 --cpu-method int32float --timeout 10s",9.505,1033505656.32944,555342868.097005,"3.084057011462075e+17",65.0350431586503,4229.55683864751,2613.65226875457,6831178.18196591,1303894221.69608,"1.7001401413724262e+18",44602.0898297664,6083.45971777083,37008482.1377404,1309767450.86771,"1.7154907753524995e+18",55085.7265162455,2975098309.72676,7133310342.04858,"5.088411643597723e+19",460492467.767345,"2.120533128704593e+17",3468610318.93869,17198307852.9153,209735.26516103
"stress-ng --cpu 1 --cpu-method int32longdouble --timeout 10s",9.66,1451645843.58625,647839409.875687,"4.196959009880784e+17",86.0654027695478,7407.25355388449,50055.6238810551,2505565482.12165,1089232090.41541,"1.186426546790724e+18",9444380.3655643,23093.029718048,533288021.558648,1093273420.42347,"1.1952467718044334e+18",9469052.05802608,3460460856.27424,6900393571.4069,"4.761543144031368e+19",536114045.039663,"2.8741826928878982e+17",3467873266.78442,17176258259.3164,1886026349.29016
"stress-ng --cpu 1 --cpu-method intconversion --timeout 10s",7.605,117557.311604669,80256.5458446014,6441113150.90661,62.9940529672139,3968.25070923615,309.722716718132,95928.1612512602,76871965.852453,5909299134020699,3809.44112436633,4958.52686814795,24586988.7021451,88990387.3086418,7919289033342077,3977.42218659008,3458823775.41473,4386435516.43727,"1.9240816539862303e+19",80500.5380459326,6480336625.68464,3472911018.552,18169140128.5674,208521.621418484
"stress-ng --cpu 1 --cpu-method ipv4checksum --timeout 10s",9.61,1338707565.85622,214059635.957754,"4.582152774636616e+16",63.944282999894,4088.87132837053,416.616702403648,173569.47672169,1843209329.70832,"3.397420633123794e+18",41568421.1163947,4578.6911487343,20964412.6354978,1851661683.99948,"3.42865099199179e+18",40211572.9733285,3326593488.17478,15945679184.7134,"2.542646846618022e+20",212336543.530788,"4.508680771860223e+16",3466375729.18228,17231931930.6304,2973253046.29739
"stress-ng --cpu 1 --cpu-method jmp --timeout 10s",8.64,1432777607.90408,2869179277.03465,"8.232189723765076e+18",55.4195430916482,3071.32575648705,499.190979742315,249191.634256092,2266610687.73477,"5.137524009753486e+18",121488.862914075,4552.90254569709,20728921.590615,2275206969.29445,"5.176566753126035e+18",121848.614314148,2868530951.0768,12538822608.9289,"1.5722207241818653e+20",2865979475.10338,"8.213838351713846e+18",3462690207.76686,17221984359.9398,206730.470785815
"stress-ng --cpu 1 --cpu-method lfsr32 --timeout 10s",7.52,521731.89135743,356025.124301607,126753889133.975,64.6316436968704,4177.24936695921,123.745659214266,15312.9881743733,88205549.9940674,7780219049755924,45097.1337262261,4524.64021778319,20472369.1003811,88344481.3383273,7804747382938061,45025.0492776509,2867614894.4554,4400122815.2237,"1.9361080789052133e+19",356412.520233253,127029884579.019,3468443474.43361,17199454946.5609,207203.173983144
"stress-ng --cpu 1 --cpu-method ln2 --timeout 10s",8.47,635833634.343703,636476640.07359,"4.051025133593663e+17",60.2176693679042,3626.16770410223,150.925709036443,22778.5696481531,159995500.043859,"2.559856003428449e+16",102449.553381683,5459.37373114805,29804761.5363494,159624127.869175,"2.547986219799473e+16",102306.418911619,2872798242.87299,3814096400.24042,"1.454733135032693e+19",635679838.672954,"4.0408885729527277e+17",3464882154.14503,17235478612.1149,211560.889100479
"stress-ng --cpu 1 --cpu-method logmap --timeout 10s",7.465,325881.734024467,191953.489163463,36846142002.0277,58.7536979142754,3451.99701860193,114.839196562425,13188.0410671033,39925859.0467548,1594074220621332,21699.6434448298,5803.89747284154,33685225.8752564,39993221.0870257,1599457732915720,21481.4092769185,2869597795.81252,1947869370.33306,"3.7941950838817116e+18",191534.295684686,36685386423.4287,3465389821.20353,17246610050.7546,207811.400383746
"stress-ng --cpu 1 --cpu-method longdouble --timeout 10s",9.585,1317187964.13664,562162388.952134,"3.160265515523704e+17",97.9279534467311,9589.88406626513,1261.88089828458,1592343.4014555,1013374377.08882,"1.0269276281401539e+18",2542155.41663075,23403.4524463719,547721586.409591,1015086775.47255,"1.0304011617392593e+18",2561993.05968756,2863388374.34865,6479775906.25898,"4.198749579533438e+19",562083327.947937,"3.159376675570281e+17",3467818903.6495,17197141768.6813,876831343.89251
"stress-ng --cpu 1 --cpu-method loop --timeout 10s",8.425,1882856810.01516,781479018.990958,"6.107094571230701e+17",62.4867570273342,3904.5948037931,141.284928907744,19961.4311364663,392223784.574712,"1.5383949718611008e+17",25970.7094242071,4053.71862186269,16432634.6652363,391947164.213269,"1.5362257953482326e+17",26044.4269519304,2865617070.00331,3924069544.0273,"1.5398321786362622e+19",784807942.451509,"6.15923506534971e+17",3469199697.88475,17197521310.8179,208924.094581498
"stress-ng --cpu 1 --cpu-method matrixprod --timeout 10s",11.23,1864933136.36394,34221195.9931941,1171090255204600,199.982139179133,39992.8559906621,285.576941131036,81554.1893057592,935198413.954859,"8.745960734636838e+17",7244413.94936218,919508225.277957,"8.454953763538181e+17",926656567.236221,"8.586923936020169e+17",7178360.55473092,3466935613.62407,7322279957.79747,"5.361578378036252e+19",34191274.5808501,1169043257463090,3461299345.38647,19799346747.6318,543667157.8011
"stress-ng --cpu 1 --cpu-method nsqrt --timeout 10s",8.475,6870189.14514951,6360189.4501381,40452009841648,64.0512314504241,4102.5602503158,150.446064815429,22634.0184184483,974025540.746815,"9.487257540271252e+17",17536.9880708744,5451.33136082785,29717013.6055452,977970232.796813,"9.564257762366527e+17",20611.4492952014,3457823244.47784,6324153058.2571,"3.9994911904262636e+19",7668473.56482143,58805486814365.1,3470925047.01741,17206568973.2208,209631.431461909
"stress-ng --cpu 1 --cpu-method omega --timeout 10s",8.47,136334920.971402,77906511.0834077,6069424469189127,56.760944343248,3221.8048027373,371.250600020116,137827.008015296,145160960.976651,"2.10717045916648e+16",68223.6588749762,5844.01351201523,34152493.9286166,144913177.371421,"2.099982897588093e+16",68889.2380494518,2871256424.41179,1058803269.24034,"1.1210643629540319e+18",72068024.3842965,5193800138655556,3458854278.31557,17216785319.0167,675303555.69783
"stress-ng --cpu 1 --cpu-method parity --timeout 10s",8.56,479704.015520427,277906.061135616,77231778815.9127,58.936461594926,3473.50650533019,92.8620585943824,8623.36192638651,1885852225.70937,"3.5564386172129843e+18",7302377.20988596,3970.70776181662,15766520.1297508,1839897378.14432,"3.3852223621023427e+18",6596841.1109728,2863531307.11733,8688210627.00072,"7.548500389912823e+19",288495.048569662,83229393049.2116,3465070957.999,17203675534.0343,1025223818.08552
"stress-ng --cpu 1 --cpu-method phi --timeout 10s",9.47,306651807.028694,178707931.581023,"3.19365248099676e+16",62.2073557807922,3869.75511323806,591.708054234954,350118.421446515,3506387670.04257,"1.2294754492626563e+19",2933.14586044113,3995.45617312614,15963670.0313718,3499829905.20134,"1.2248809365341622e+19",4447.64092192313,2987244404.69622,15684087925.2041,"2.4599061404553304e+20",182120662.352871,"3.3167935655848444e+16",3460268840.54998,17215175943.9887,216101.067446897
"stress-ng --cpu 1 --cpu-method pi --timeout 10s",8.63,463708539.831891,310382512.617955,"9.6337304139035e+16",61.4175550574651,3772.11606923676,391.249636278638,153076.277888167,158377491.117598,"2.508342969270483e+16",3931.21696948654,7315.84437914374,53521578.9798491,158244709.435259,"2.504138806424955e+16",3352.64965469158,2866511367.86239,2553912608.45765,"6.522469611638959e+18",311036461.332885,"9.674368027848328e+16",3471312439.89446,17195084936.2811,809301138.979937
"stress-ng --cpu 1 --cpu-method prime --timeout 10s",8.455,100098.161511794,60588.9293231192,3671018356.52193,64.5140225787363,4162.0591092897,117.053417180777,13701.502473697,763783524.269276,"5.833652719451958e+17",14123052.6455368,4321.18572677949,18672646.0853228,915846145.133368,"8.387741615556502e+17",18248268.6484891,2873261089.57957,3964352749.57798,"1.571609272308649e+19",59791.6121345358,3575036881.64677,3458996651.49418,17234712049.9377,2568244157.98316
"stress-ng --cpu 1 --cpu-method queens --timeout 10s",10.09,1054401114.49343,1050788790.25608,"1.1041570817278362e+18",64.2498331417232,4128.04105873927,270.52926441246,73186.0829035467,663401363.473472,"4.401013690584617e+17",87081327.5229665,3967.1976906608,15738657.5167844,663312761.928166,"4.3998382013677184e+17",86910831.5458152,3470242654.27879,6053375195.35433,"3.6643351255731073e+19",1048921329.489,"1.1002359554569713e+18",3456208856.54569,19276515834.3306,9675307512.34053
"stress-ng --cpu 1 --cpu-method rand --timeout 10s",8.005,402976.803264035,335043.359507163,112254052749.846,61.9084233796356,3832.65288535221,2821.43810599316,7960512.98595027,77039151.1169269,5935030804816698,61013.472634393,5280.11373949337,27879601.1019867,63925294.1930683,4086443237670332,33087.480262741,2866719701.24231,6234840976.11007,"3.887324199738117e+19",334839.669553501,112117604306.698,3470679939.22368,17193855939.8233,209566.596241398
"stress-ng --cpu 1 --cpu-method rgb --timeout 10s",7.745,1519720.09419605,68497590.0866592,4691919847679992,59.1627828660008,3500.23487644956,592.981193795361,351626.696194972,9079003.28271899,82428300607622.2,3578.20096756459,4545.58263084396,20662321.4538303,9075644.37828251,82367320881050.9,3489.91454144041,3467485848.54715,2400643760.72431,"5.763090465904558e+18",82447741.626073,6797630099239691,3461193511.49294,17241285447.0943,208659.393894879
"stress-ng --cpu 1 --cpu-method sieve --timeout 10s",8.935,1492408018.16358,812718455.62814,"6.605112881185889e+17",66.6835135672258,4446.69098167039,119.223132918681,14214.1554229455,867159977.695891,"7.519664269175382e+17",378300.320983769,14951.4061835072,223544546.864217,868939597.108185,"7.550560234225349e+17",374943.589430957,2860143040.5209,11223965584.0304,"1.2597740343149886e+20",813420689.027431,"6.616532173378606e+17",3469458879.35835,18880261669.8185,74242408.3637644
"stress-ng --cpu 1 --cpu-method stats --timeout 10s",9.555,2107593406.33256,1611224672.73286,"2.596044946023112e+18",61.7590923753042,3814.18549102136,113.593097423209,12903.3917821987,1418996157.27043,"2.013550094348247e+18",1601863.44606608,18519.1909912966,342960434.972121,1413312455.55116,"1.99745209701605e+18",1595842.58294984,2868566376.91444,11283919578.5347,"1.2732684105483873e+20",1611676110.06394,"2.597499883750833e+18",3462806764.91603,20771220562.5597,163103499.648433
"stress-ng --cpu 1 --cpu-method sqrt --timeout 10s",8.71,818473747.521552,820402430.101544,"6.730601473165188e+17",62.513069698096,3907.88388307901,232.846174101338,54217.3407936306,1228143851.01208,"1.508337318778782e+18",14910.2358197123,4348.01097627966,18905199.4498484,1230171011.98236,"1.5133207187217034e+18",14856.1194629777,2874077090.55046,7788638268.43551,"6.066288607653809e+19",819930481.491477,"6.722859944788453e+17",3466665519.57172,17229616131.6409,213956.709177135
"stress-ng --cpu 1 --cpu-method trig --timeout 10s",8.685,808140492.283359,265430114.12023,"7.045314548187831e+16",56.2528967808078,3164.38839623222,14192.0168750242,201413342.980972,286677404.752085,"8.218393439539075e+16",236034.227576705,9777.46121660556,95598747.8422259,286409546.67919,"8.20304284289791e+16",223181.240822401,2870097866.6694,3073255383.70783,"9.44489865348916e+18",320800636.945825,"1.02913048664847e+17",3464114045.9211,17233880747.4989,608403871.571199
"stress-ng --cpu 1 --cpu-method union --timeout 10s",7.68,338831050.177334,212035933.67153,"4.495923716795747e+16",60.2755029324222,3633.13625375644,230.783232929146,53260.9006012285,25760974.0364245,663627783305337,27629.2556895231,4248.71605052028,18051588.0779487,21400970.89637,458001555307276,23194.4231870096,2865765249.17923,2667422065.29545,"7.115140474425045e+18",211866866.498566,"4.488756911992119e+16",3469125289.06883,17176132138.5721,210152.299961201
"stress-ng --cpu 1 --cpu-method zeta --timeout 10s",10.57,1853918030.86008,693363812.688011,"4.807533767452553e+17",69.3099922338527,4803.87502345672,78.0096931797191,6085.51222999391,1531931888.28698,"2.346815310350512e+18",19892.6001856928,8470.86370498124,71755531.9083685,1533996452.87699,"2.3531451174391875e+18",19673.2958559433,2863254516.96932,8461729887.71577,"7.160087269266234e+19",692937251.525626,"4.801620345518886e+17",3467722137.29471,20740027503.7734,209365.625817633
