"command","watt-median","L1-dcache-loads:u","L1-dcache-loads:u-square","L1-dcache-stores:u","L1-dcache-stores:u-square","L1-icache-loads:u","L1-icache-loads:u-square","L1-icache-load-misses:u","L1-icache-load-misses:u-square","dTLB-loads:u","dTLB-loads:u-square","dTLB-load-misses:u","dTLB-load-misses:u-square","dTLB-stores:u","dTLB-stores:u-square","branch-loads:u","branch-loads:u-square","branch-load-misses:u","branch-load-misses:u-square","branch-instructions:u","branch-instructions:u-square","branch-misses:u","branch-misses:u-square","cache-misses:u","cache-misses:u-square","cache-references:u","cache-references:u-square","cpu-cycles:u-square","instructions:u","instructions:u-square","mem-loads:u","mem-loads:u-square","mem-stores:u","mem-stores:u-square","ref-cycles:u","topdown-bad-spec:u","topdown-bad-spec:u-square","topdown-fe-bound:u","topdown-fe-bound:u-square","topdown-retiring:u","topdown-retiring:u-square"
"sleep 10s",0,0,0,0,0,0,0,0,0,0,0,0,0,0,0,0,0,0,0,0,0,0,0,0,0,0,0,0,0,0,0,0,0,0,0,0,0,0,0,0,0
"sum_up_benchmark",8.45,1508972524.93054,"2.2769980809952494e+18",606689055.155805,"3.680716096458434e+17",1436276413.90358,"2.0628899371357276e+18",2813353.83466992,7914959799051.94,1507873891.89837,"2.2736836738687373e+18",122467.97295908,14998404400.706,606249902.294804,"3.675389440324594e+17",1846398925.27912,"3.4091889912718894e+18",7169865.43876096,51406970409938.9,1861188602.20697,"3.4640230129851346e+18",6650407.16976734,44227915523692.8,513840.07548725,264031623176.743,11080622.0573261,122780185177302,"5.223953405260829e+18",7169134565.17659,"5.139649041360973e+19",0,0,599634385.207524,"3.595613959232052e+17",3096515594.75826,836142777.294954,"6.991347440225189e+17",2035314322.84507,"4.1425043927782856e+18",7357896065.85719,"5.413863451595672e+19"
"stress-ng --cpu 1 --cpu-method all --timeout 10s",7.26,617499357.96828,"3.8130545709123795e+17",278841173.608765,"7.775240009951342e+16",812316961.58384,"6.598588460768018e+17",554350.681632371,307304678226.274,622136071.25108,"3.8705329115172896e+17",111.108678648549,12345.1384710265,280926718.572061,"7.891982120766597e+16",513974646.286917,"2.641699370257614e+17",7748083.94553411,60032804827043.4,513613265.874392,"2.6379858688215885e+17",7754426.1766672,60131125329381.5,3078.66378484626,9478170.7001239,23600.6987977405,556992983.74167,"6.584885993844816e+18",4672687860.67387,"2.183401184328895e+19",5695649.45329685,32440422694840.7,278286762.585301,"7.744352223020768e+16",3453882243.75458,1079781109.9322,"1.1659272453664136e+18",1106342321.88842,"1.2239933332014605e+18",4973468491.07335,"2.4735388831699423e+19"
"stress-ng --cpu 1 --cpu-method ackermann --timeout 10s",7.68,1036648776.35502,"1.0746406855183603e+18",1036637846.28643,"1.074618024353368e+18",2244482528.05224,"5.037701818731774e+18",11930.4074675887,142334622.342696,1037553170.49641,"1.0765165816071525e+18",48.9721205442811,2398.2685906036,1037542249.11325,"1.0764939186949814e+18",2730000858.0265,"7.452904684825427e+18",4342816.80284119,18860057783039.8,2736839574.56581,"7.490290856909565e+18",4353649.35118143,18954262673042.5,1041.30148787939,1084308.78865983,1897.41070413596,3600167.38016972,"6.582841714511236e+18",10193514718.9396,"1.0390774232523827e+20",0,0,1036512077.15366,"1.074357286085395e+18",3462589057.61333,459165971.880091,"2.1083338973258854e+17",380507135.857244,"1.4478568043828317e+17",10502048945.0368,"1.1029303204394857e+20"
"stress-ng --cpu 1 --cpu-method apery --timeout 10s",7,183049758.449577,"3.350721406844849e+16",183031367.534737,"3.3500481501635976e+16",183202647.368183,"3.3563210002710804e+16",9597.91673375961,92120005.6281827,182719388.736978,"3.338637502041488e+16",46.7935435502572,2189.63571798982,182700776.196092,"3.33795736226545e+16",365939850.632466,"1.3391197428091154e+17",6718.84658516131,45142899.4349338,365451547.552766,"1.335548336087116e+17",6350.03862181791,40322990.4985791,1050.38984307981,1103318.82244523,1959.34463371789,3839031.39367909,"6.601439641404758e+18",3464874829.91059,"1.200535758694794e+19",47875783.9788549,2292090691589980,182452366.836254,"3.3288866164151e+16",3453619776.28666,1524337.8989431,2323606030154.26,93566468.5528268,8754684037447128,4028856654.46826,"1.6231685942253179e+19"
"stress-ng --cpu 1 --cpu-method bitops --timeout 10s",7.21,163894.904599464,26861539753.6674,131354.964861686,17254126793.8148,1649302163.79765,"2.7201976275076106e+18",10401.4108467285,108189347.602441,163785.390192086,26825654040.3739,50.6017283657126,2560.53491359736,131319.67167607,17244856169.1108,1540756524.22041,"2.3739306669277594e+18",64253.9988454516,4128576367.6313,1538236282.57999,"2.3661708610455066e+18",64550.8194775755,4166808295.22654,1087.40649989468,1182452.8960132,1908.81057843871,3643557.82435952,"6.621725683968991e+18",11759413807.7954,"1.3828381310296913e+20",0,0,131432.45238974,17274489541.1813,3457040078.95497,8212062.47637649,67437970115910.8,92251359.2223688,8510313278374530,11792745327.6068,"1.3906884236179202e+20"
"stress-ng --cpu 1 --cpu-method callfunc --timeout 10s",7.76,1388479916.21412,"1.9278764777299694e+18",936756061.968939,"8.775119196355546e+17",1011105240.07877,"1.0223338065147473e+18",11282.9759097855,127305545.3808,1387381029.82958,"1.9248261219309862e+18",49.3401122009729,2434.44667200459,936014916.490442,"8.761239238926092e+17",2911330850.29169,"8.475847319860134e+18",3437598.83681777,11817085762890.9,2917012117.68732,"8.508959694734665e+18",3441322.39367533,11842699817211.3,1098.11156114655,1205849.00072371,2065.56204618517,4266546.56664067,"6.613021800081761e+18",8480509032.25717,"7.191903344619544e+19",0,0,937115844.994894,"8.781861069404942e+17",3467431142.69999,410577896.944686,"1.6857420945952118e+17",1174633090.62344,"1.3797628975875748e+18",8943504826.18844,"7.998627857605593e+19"
"stress-ng --cpu 1 --cpu-method cdouble --timeout 10s",7.95,1689133415.64353,"2.853171695843578e+18",742668762.515614,"5.5155689081647354e+17",1334509938.86714,"1.780916776935178e+18",13132.2532089888,172456074.344997,1690727461.52717,"2.858559349162108e+18",50.1415906620521,2514.17911412079,743313343.463145,"5.5251472657035936e+17",1063989736.46288,"1.1320741592983489e+18",5893118.44372222,34728844991739,1064098480.48649,"1.132305576173657e+18",5912756.76529266,34960692565514.1,1138.19878116084,1295496.46543602,1986.93647681946,3947916.56291573,"6.620541877628998e+18",6923144641.09195,"4.792993172148019e+19",0,0,742662705.342621,"5.515478939068207e+17",3462301133.94037,1170837850.5787,"1.3708612723477504e+18",1109892496.90088,"1.2318613546768701e+18",7292249369.89561,"5.317690087274292e+19"
"stress-ng --cpu 1 --cpu-method cfloat --timeout 10s",6.98,410322817.759193,"1.683648147738439e+17",225457821.206833,"5.083122914333228e+16",493792197.332616,"2.4383073414657315e+17",14140.907766586,199965272.463092,409933283.158971,"1.6804529664149312e+17",49.6511720145644,2465.23888241986,225202855.613355,"5.0716326176409624e+16",281296848.927466,"7.912791721652162e+16",1505476.77966233,2266460334102.46,281572512.543939,"7.928307982030669e+16",1462145.2013028,2137868589692.81,1032.45427529045,1065961.83056553,1931.61645503711,3731142.12937013,"6.60524710507066e+18",1706695385.29564,"2.912809138189433e+18",0,0,224860711.485631,"5.0562339569824184e+16",3464450327.14073,1003530351.87242,"1.007073167129183e+18",2374416806.93482,"5.637855173054547e+18",2566023407.71134,"6.584476128922518e+18"
"stress-ng --cpu 1 --cpu-method clongdouble --timeout 10s",7.06,631385602.863104,"3.9864777950280525e+17",298641411.751878,"8.918669281315475e+16",602602642.363415,"3.6312994458336986e+17",16802.0188089803,282307836.057328,633429840.992471,"4.012333634597471e+17",51.9543079020802,2699.25010958415,299601506.621126,"8.97610627696486e+16",444510605.439856,"1.9758967834850733e+17",2790805.50792633,7788595383071.94,445492128.084426,"1.9846323618519062e+17",2800966.42015461,7845412886833.73,1080.86800495053,1168275.64412574,1972.73885053693,3891698.57241777,"6.574515386070645e+18",2951702213.38578,"8.712545956506512e+18",12486294.6641381,155907554439684,299422193.72085,"8.965365009260622e+16",3465339978.88143,784180401.996763,"6.149389028758048e+17",1987221425.36183,"3.9490489934171034e+18",3404806512.55532,"1.159270738793912e+19"
"stress-ng --cpu 1 --cpu-method collatz --timeout 10s",7.17,10836665.504383,117433319253884,6327440.96175581,40036509124505.3,1745774274.27585,"3.047727816723371e+18",9629.97056628416,92736333.1074993,10819507.0283697,117061732336941,49.5731068205162,2457.49291983831,6317117.69179463,39905975931984.7,1454015153.1994,"2.1141600657334746e+18",224113.241166308,50226744866.0677,1447767815.81177,"2.096031648500383e+18",222884.267133717,49677396535.7341,957.022097335662,915891.294788749,1932.47631479963,3734464.70726156,"6.618005331332384e+18",6389216413.88311,"4.082208638343335e+19",0,0,6310148.90647772,39817979221922,3458038025.16254,21290179.6012012,453271747451404,6008637314.24154,"3.6103722374095786e+19",6415169754.31291,"4.1154402976651166e+19"
"stress-ng --cpu 1 --cpu-method correlate --timeout 10s",7.29,836833349.352448,"7.002900545884362e+17",1993674.94750094,3974739796292.88,446809435.885387,"1.9963867199621776e+17",10240.1614588056,104860906.702408,837006753.000558,"7.005803045685371e+17",49.9164154540083,2491.64853177716,1994259.64710379,3977071540066.53,422977338.151013,"1.789098285893164e+17",1003187.4479387,1006385055701.76,422538491.742411,"1.7853877700395155e+17",1002202.39579348,1004409642134.19,1077.98636114271,1162054.5948097,1998.58539284657,3994343.57249968,"6.61513004094514e+18",4668173816.51631,"2.179184678120845e+19",0,0,1993509.82828003,3974081435449.07,3462633847.51588,137487956.242237,"1.8902938111667276e+16",22134305.9531414,489927500027271,4681134612.19401,"2.191302125748076e+19"
"stress-ng --cpu 1 --cpu-method crc16 --timeout 10s",6.92,69202886.3834335,4789039483798407,502743.784271356,252751312623.484,417485732.344536,"1.7429433671125357e+17",11448.3434944958,131064568.767964,69098482.7960621,4774600324717690,50.2180189626774,2521.84942853583,502205.614697458,252210479433.652,69489790.3242595,4828830959309550,133438.028474677,17805707443.2087,69365394.3556045,4811557934108529,133182.878727046,17737679186.023,1085.29748541355,1177870.63184497,1998.60899343563,3994437.90864178,"6.585327572939411e+18",4555976060.64657,"2.075691786518464e+19",0,0,503569.942852848,253582687344.821,3466406145.34392,11368989.3384075,129253918576823,4562920.30599598,20820241718870.5,4563078337.91729,"2.0821683917970014e+19"
"stress-ng --cpu 1 --cpu-method dither --timeout 10s",8.25,1374240643.91114,"1.8885373473773046e+18",1194791882.93217,"1.4275276435206e+18",1156551171.16622,"1.337610611525955e+18",11520.0175680814,132710804.768904,1370836121.3279,"1.8791916715373207e+18",47.7354495008048,2278.67313904389,1191831999.96829,"1.4204635161484142e+18",1316708450.21974,"1.7337211428800694e+18",265597.380130065,70541968331.9543,1317504982.84193,"1.735819379813314e+18",265781.306279361,70639702767.5635,1087.95777462338,1183652.11936346,1982.65731842718,3930930.04231286,"6.60388879822426e+18",8750053918.35826,"7.656344357417673e+19",0,0,1163752934.45629,"1.354320892455626e+18",3454935338.95724,25735942.9970288,662338761946316,1464421239.30991,"2.144529566141973e+18",8972976400.08271,"8.051430547644128e+19"
"stress-ng --cpu 1 --cpu-method div8 --timeout 10s",6.96,173684.600501929,30166340451.5147,149544.094450532,22363436185.0296,500472661.69038,"2.5047288509945354e+17",10596.3182106029,112281959.620355,173240.604822305,30012307159.198,48.9544283803293,2396.53605804479,149155.611260988,22247396370.639,425750550.552609,"1.812635312958497e+17",1900322.84355172,3611226909724.5,426394221.67911,"1.8181203228133398e+17",1903572.60719584,3623588670866.37,1052.29143719664,1107317.26879737,2091.62724817771,4374904.54531946,"6.57718644234257e+18",2989913864.82568,"8.939584919076833e+18",0,0,148741.943588424,22124165782.4619,3462880707.42253,234088477.752785,"5.479741541661612e+16",31150785.1111217,970371413039281,4274716569.10609,"1.8273201746190141e+19"
"stress-ng --cpu 1 --cpu-method div16 --timeout 10s",6.97,173526.777732048,30111542590.0676,149513.202832325,22354197821.18,480979081.236775,"2.313408765873722e+17",10819.4419526411,117060324.16657,172790.657647571,29856611370.2801,47.0042724332338,2209.40162697766,148704.886458265,22113143256.5655,424561824.562342,"1.8025274287570486e+17",1895433.84886891,3592669475438.01,424259920.048178,"1.799964797592864e+17",1894153.50783463,3587817511242.23,1106.88674949646,1225198.27621084,1936.12725046895,3748588.73000846,"6.603788939867679e+18",2971076920.90924,"8.827298069959529e+18",0,0,148260.705122015,21981236683.2771,3450796675.40059,210127436.983453,"4.4153539773235016e+16",154568801.030328,"2.389151425195313e+16",4260134992.07863,"1.8148750150732788e+19"
"stress-ng --cpu 1 --cpu-method div32 --timeout 10s",6.95,173091.888639557,29960801912.8088,148806.726725503,22143441918.7585,479383900.890743,"2.2980892443322573e+17",10286.6988242988,105816172.70183,172949.735931707,29911611158.8472,57.7022592607039,3329.55072378949,148931.803901608,22180682213.387,423115148.710076,"1.790264290679497e+17",1889082.08499117,3568631123834.59,424537646.483491,"1.8023221328174157e+17",1896193.20609813,3595548674852.71,978.255934068902,956984.67254102,1930.50752649648,3726859.30985956,"6.575215754800738e+18",2974185686.06669,"8.845780495203987e+18",0,0,148903.11083038,22172136414.9644,3463832692.80327,199564133.504261,"3.9825843381306504e+16",193843836.802638,"3.757543306636775e+16",4249712965.48214,"1.8060060288987005e+19"
"stress-ng --cpu 1 --cpu-method div64 --timeout 10s",6.98,172773.4047048,29850649373.2886,148917.785509516,22176506841.0582,476249327.945307,"2.2681342236835658e+17",11530.876260539,132961107.335862,172979.208169554,29921806458.9659,50.258245251198,2525.89121572957,149086.892642473,22226901557.7883,420625186.963892,"1.769255479084091e+17",1878066.37095804,3527133293723.5,421212366.742669,"1.7741985789696067e+17",1880043.26393385,3534562674263.04,996.899273858378,993808.162219361,1852.61362003718,3432177.22514726,"6.580125575481141e+18",2953335107.10861,"8.722188254880226e+18",0,0,148800.368825453,22141549762.5909,3463121028.22237,191634741.672428,"3.6723874215858216e+16",216177092.056351,"4.6732535129940056e+16",4219073136.31755,"1.780057812959641e+19"
"stress-ng --cpu 1 --cpu-method div128 --timeout 10s",7.72,724535451.782386,"5.249516208895061e+17",232049488.770905,"5.384696523883836e+16",1683348898.33087,"2.833663513511753e+18",12782.4950472465,163392179.632881,722576139.883488,"5.221162779289221e+17",49.5390458903558,2454.11706772678,231422115.035083,"5.355619532731118e+16",1131365689.52329,"1.2799883234305093e+18",13735600.6441574,188666725055777,1129901221.33568,"1.2766767699758612e+18",13709885.0600263,187960948359132,1106.61185696451,1224589.80197444,1908.05790229701,3640684.95851807,"6.592043834101106e+18",7671464363.44945,"5.885136547967487e+19",0,0,227144638.457138,"5.159468677982394e+16",3453527278.97256,2215609320.68457,"4.908924661904341e+18",1493524323.12645,"2.230614903770321e+18",8098433139.15288,"6.558461930932956e+19"
"stress-ng --cpu 1 --cpu-method double --timeout 10s",7.7,1299027377.68732,"1.687472127981195e+18",420006403.011052,"1.7640537857028224e+17",862534758.309821,"7.439662092925814e+17",13303.9852768521,176996024.246697,1296929240.46286,"1.6820254547675712e+18",50.7197748977927,2572.49556568276,419328658.388912,"1.7583652374624486e+17",508112870.568064,"2.5817868923691814e+17",5844678.77979999,34160270039044.3,507351590.803731,"2.574056366910765e+17",5839824.25598275,34103547340764.5,1106.01693615658,1223273.46306519,1962.67204053906,3852081.53871376,"6.605381682942817e+18",4491145462.52812,"2.017038756558692e+19",0,0,417090154.13741,"1.7396419667836842e+17",3454908308.26896,1395644648.67847,"1.9478239853848497e+18",882184629.447176,"7.782497204328512e+17",4887117958.88207,"2.388392194402765e+19"
"stress-ng --cpu 1 --cpu-method euler --timeout 10s",7.09,431910749.473381,"1.8654689551065766e+17",364441071.967488,"1.3281729493681176e+17",364576186.160167,"1.3291579551509274e+17",12409.3222929603,153991279.770562,431618888.983919,"1.862948653277126e+17",51.9453169761467,2698.31595575235,364194812.120455,"1.3263786117545354e+17",660400566.95123,"4.361289088295061e+17",3811.91490036041,14530695.2075897,661005514.5026,"4.3692829020284685e+17",3964.54168401483,15717590.7642911,1051.61393275611,1105891.86356677,2032.56038611993,4131301.723224,"6.573040054594817e+18",4516000619.9564,"2.039426159944659e+19",82594090.8993766,6821783851494485,365127638.020882,"1.3331819204670824e+17",3468511548.37352,1192800.44598665,1422772903945.95,55913153.5844716,3126280743760709,4574774448.62092,"2.0928561255754846e+19"
"stress-ng --cpu 1 --cpu-method explog --timeout 10s",7.02,806712233.751538,"6.507846280843962e+17",166168640.302377,"2.7612017019940744e+16",545857453.346283,"2.979603593736895e+17",12326.410682868,151940400.322722,807426484.998388,"6.519375286768522e+17",50.815072582995,2582.17160161505,166315548.497525,"2.766086167203259e+16",475118480.530375,"2.2573757054149232e+17",2901.86965427493,8420847.4904017,475028394.151239,"2.2565197524990486e+17",2657.97619021979,7064837.42777531,1144.58938197841,1310084.85333772,1987.29745450206,3949351.17267037,"6.617384149882246e+18",3016048278.10603,"9.096547215866349e+18",0,0,166314293.170826,"2.7660444112911456e+16",3463866146.97508,779231.377599849,607201539836.158,169219535.997034,"2.8635251363051492e+16",3097558825.4728,"9.594870677264431e+18"
"stress-ng --cpu 1 --cpu-method factorial --timeout 10s",6.9,261336810.232547,"6.829692838252227e+16",169069784.495999,"2.8584592029523548e+16",292318524.808618,"8.545011994628662e+16",16000.9082085296,256029063.49779,261406614.285322,"6.833341799211512e+16",49.332340256476,2433.67979518072,169115149.451487,"2.8599933773998784e+16",111926860.439176,"1.252762208777078e+16",241028.499359328,58094737503.4096,111699193.135337,"1.2476709747085316e+16",240484.098393485,57832601580.1274,1091.54200850255,1191463.95632578,1946.01962403669,3786992.3771359,"6.615711080200605e+18",1413453828.03224,"1.997851723978993e+18",12663637.4708151,160367713992232,168872021.446587,"2.851775962745654e+16",3455959978.94752,738632408.00257,"5.455778341516751e+17",2159867525.36006,"4.66502772710499e+18",1980294252.61142,"3.921565326925822e+18"
"stress-ng --cpu 1 --cpu-method fibonacci --timeout 10s",7.19,254869076.378549,"6.495824609405465e+16",127484175.412878,"1.625221498070145e+16",2471469131.24333,"6.10815966668866e+18",10907.6593526517,118977032.55349,251340030.850919,"6.317181110814092e+16",46.8562216919418,2195.5055112444,125719598.143049,"1.580541735724973e+16",2518989237.04321,"6.345306776339534e+18",3653.55270835391,13348447.3927202,2516548383.0631,"6.333015764297503e+18",3543.05175024347,12553215.7049033,1101.48955566317,1213279.24123505,1900.0192290295,3610073.07068186,"6.603269523335622e+18",9878239708.74644,"9.757961974345497e+19",0,0,125133818.854171,"1.565847262102848e+16",3463773469.69143,642446.118550787,412737015240.972,2679987581.9783,"7.182333439557896e+18",10127566203.9597,"1.0256759721558668e+20"
"stress-ng --cpu 1 --cpu-method fft --timeout 10s",8.1,1903304973.73749,"3.6225698230538675e+18",839988731.402218,"7.055810688827075e+17",1232507726.57183,"1.519075296059261e+18",14298.2311269929,204439413.360909,1906616000.15708,"3.635184572054982e+18",53.3739989405323,2848.78376290394,841450250.672986,"7.08038524357631e+17",1030449679.8894,"1.0618265427841669e+18",910830.338070279,829611904749.219,1029844406.57209,"1.0605795017478203e+18",911095.763624989,830095490495.402,1097.63092294153,1204793.64299747,2018.14704524012,4072917.49621143,"6.572797490403373e+18",8205376485.20399,"6.7328203263938585e+19",0,0,841349687.318472,"7.078692963508906e+17",3466449797.76119,182677893.89525,"3.3371212918004216e+16",604114609.276485,"3.6495446114128006e+17",8558122774.51974,"7.324146542375345e+19"
"stress-ng --cpu 1 --cpu-method fletcher16 --timeout 10s",6.95,213722902.451401,"4.5677479032251064e+16",1349695.59475758,1821678198508.02,439556573.20076,"1.932099810439951e+17",12105.2083453955,146536069.085433,213665052.361289,"4.565275460055237e+16",49.7713975067034,2477.19200977028,1349313.00695281,1820645590732.03,214834647.066886,"4.615392558035347e+16",406475.27882347,165222152294.618,215108927.848598,"4.627185084017334e+16",407192.933606742,165806085179.265,1009.23344122043,1018552.13887763,1905.30922990631,3630203.26156618,"6.618606664075181e+18",5109013847.57714,"2.610202249473497e+19",0,0,1347546.05718769,1815880376242.09,3448647410.99062,38480995.6413823,1480787025552080,4732564.14878867,22397163422399.8,5144990730.70554,"2.6470929619045925e+19"
"stress-ng --cpu 1 --cpu-method float --timeout 10s",7.17,738364291.913021,"5.451818275722168e+17",188420529.485695,"3.550229593166966e+16",814840685.722722,"6.639653431090758e+17",10743.2816791034,115418101.236559,737125251.343448,"5.4335363616814144e+17",50.2364264552446,2523.6985429932,188104685.796867,"3.5383372818738064e+16",408867542.261622,"1.6717266711505926e+17",7201852.94928566,51866685903134.6,408557564.107219,"1.6691928318922435e+17",7198312.27832647,51815699656305.6,1055.14310089871,1113326.96337415,1945.94517991708,3786702.64324252,"6.611792212466447e+18",2643823313.48769,"6.989801712941028e+18",0,0,188306723.426239,"3.545942208752607e+16",3454054647.8663,1657223945.38907,"2.7463912051709153e+18",1693669566.72552,"2.86851660125221e+18",2652130835.53851,"7.033797968814195e+18"
"stress-ng --cpu 1 --cpu-method floatconversion --timeout 10s",7.33,646031776.991803,"4.1735705688318675e+17",323083079.69488,"1.043826763851282e+17",646213628.445048,"4.175920535881145e+17",10611.5060159556,112604059.926662,646863202.147233,"4.18432002292172e+17",49.3740686134356,2437.79865144425,323498472.173319,"1.0465126149847163e+17",322567129.282082,"1.0404955289328342e+17",7801.01279663984,60855800.6533385,323496474.84973,"1.04649969240202e+17",7321.4039325439,53602955.5434693,1016.76520849056,1033811.48919685,1906.48702459948,3634692.77496618,"6.587392339094781e+18",6140503330.27987,"3.7705781149178175e+19",18402567.2721741,338654482206893,323297354.286767,"1.0452117928882334e+17",3463788254.59833,1326210.81556752,1758835127328.27,1336900.01130542,1787301640228.43,6152712652.23645,"3.785587298099049e+19"
"stress-ng --cpu 1 --cpu-method gamma --timeout 10s",6.74,19560034.325917,382594942831051,99775.5967125473,9955169699.34488,389408665.379664,"1.5163910867277114e+17",10555.5645116253,111419942.159083,19560899.1890314,382628777083449,53.0579400508132,2815.14500243569,99715.6326251272,9943207389.82933,58667068.3681049,3441824910907894,3091.56011838664,9557743.96559882,58584299.7603574,3432120178411410,2909.31133066922,8464092.41876031,1097.59447945162,1204713.64132267,2032.92112381845,4132768.29566727,"6.610485602377501e+18",586229565.603958,"3.436651035882053e+17",17484400.3234284,305704254669903,99873.854015972,9974786716.00369,3466945529.98606,615158.043823428,378419418880.667,3306854073.41279,"1.093528386284676e+19",1858573554.32554,"3.454295656838271e+18"
"stress-ng --cpu 1 --cpu-method gcd --timeout 10s",6.97,122084.0952042,14904526301.8282,110676.36500898,12249257771.601,765262196.576202,"5.856262295086337e+17",9572.48054268547,91632383.7400919,122023.541636855,14889744713.6013,49.571329196661,2457.31667832374,110627.169780968,12238370693.7471,228727028.145049,"5.231605340406604e+16",13298652.3925442,176854155457722,229566183.164363,"5.2700632452653864e+16",13217050.5681051,174690425719847,1058.48971837596,1120400.48390762,1945.56383275392,3785218.62732012,"6.588011398574565e+18",1939807347.99615,"3.762852547339857e+18",0,0,111372.005373592,12403723580.9354,3464842112.89514,2562200060.59217,"6.564869150498518e+18",2079259025.76636,"4.3233180962308726e+18",2630872397.11537,"6.921489569903572e+18"
"stress-ng --cpu 1 --cpu-method gray --timeout 10s",7.02,300677.72580509,90407094795.3209,183195.083309118,33560438548.6347,413557961.917357,"1.710301878652381e+17",12175.9213379793,148253060.42866,300388.170894004,90233053213.0454,48.1815219705207,2321.45905939577,182832.289804188,33427646195.0426,139000022.130593,"1.9321006152305344e+16",19554.4569493809,382376786.585191,139251466.790743,"1.93909710033734e+16",19682.4746674202,387399809.033638,1050.36491138354,1103266.44706575,1978.1766145481,3913182.71834498,"6.604014303894571e+18",3479590487.41601,"1.2107549960115984e+19",0,0,183857.897036847,33803726302.8118,3466800100.23561,2197830.79385072,4830460198398.49,2349709.71439394,5521135741917.25,6271954661.23068,"3.933741527253326e+19"
"stress-ng --cpu 1 --cpu-method hamming --timeout 10s",7.24,206436093.374973,"4.261586064792057e+16",206433456.166029,"4.2614771824651816e+16",1134985224.81626,"1.2881914605512164e+18",10225.9052955133,104569139.112807,206528398.378869,"4.265397933694082e+16",59.4092080655987,3529.4540029816,206525758.330996,"4.265288885419297e+16",465466233.349544,"2.1665881438861213e+17",3373.39083471736,11379765.7237551,465252265.499529,"2.1645967055244422e+17",3503.26483686013,12272864.5171806,1047.57113722886,1097405.28755497,1813.5382428116,3288920.95814019,"6.622726159161339e+18",11567991402.51,"1.3381842508854528e+20",0,0,206669440.976528,"4.2712257833550584e+16",3462820799.77516,681577.913542923,464548452229.524,208609281.00535,"4.351783212156908e+16",11596490327.8341,"1.3447858792354985e+20"
"stress-ng --cpu 1 --cpu-method hanoi --timeout 10s",7.97,1954353275.77712,"3.81949672654076e+18",1953890539.50116,"3.8176882403521336e+18",1152721458.60351,"1.3287667611250035e+18",11271.0827287492,127037305.878308,1955842852.41975,"3.825321263361424e+18",50.3242947588577,2532.53464297639,1955379790.22477,"3.8235101240194657e+18",1803053403.6603,"3.2510015764509926e+18",120322.493946812,14477502549.5806,1803018768.23348,"3.2508766786021755e+18",120251.079471362,14460322114.0278,1070.93416006122,1146899.97518603,1890.97398238293,3575782.60204916,"6.6202509802606e+18",8474348271.19737,"7.181457862154585e+19",0,0,1960876349.10997,"3.845036056498845e+18",3465390085.45983,12030258.5174001,144727119995478,3239998590.15479,"1.0497590864205027e+19",9069815458.43603,"8.226155245008516e+19"
"stress-ng --cpu 1 --cpu-method hyperbolic --timeout 10s",6.98,316099684.428403,"9.991901049573597e+16",106324699.344952,"1.1304941690794436e+16",597911921.243039,"3.574986655645421e+17",16311.1753696378,266054441.939079,316888037.019797,"1.0041802800626026e+17",51.4993136887526,2652.17931041254,106590243.758395,"1.1361480064474064e+16",216922130.686979,"4.705521078177879e+16",7252.22313748665,52594740.4358967,216469333.877756,"4.68589725094794e+16",7183.56327657965,51603581.3486238,1126.84267029327,1269774.40359367,2035.9930305664,4145267.62051495,"6.587326078496303e+18",1430659605.91336,"2.0467869079921708e+18",19024647.6782219,361937219280474,106757675.230293,"1.1397201220576716e+16",3462013936.15906,462866519.80907,"2.142454151601602e+17",3981345970.74814,"1.5851115738792448e+19",2240336824.50406,"5.019109087228934e+18"
"stress-ng --cpu 1 --cpu-method idct --timeout 10s",7.1,927453954.49089,"8.601708377007899e+17",313340137.985407,"9.818204207271389e+16",561726172.087286,"3.1553629240783526e+17",10347.9968545713,107081038.902218,920062599.806376,"8.465151875624676e+17",48.0259074386449,2306.48778530529,310843044.851731,"9.662339853269525e+16",412130235.090043,"1.698513306753741e+17",618451.409928842,382482146442.973,412620822.209635,"1.7025594292095523e+17",625466.553095441,391208409041.092,1012.76877440278,1025700.59040531,1899.0823850351,3606513.9051506,"6.617131497646651e+18",3515453526.72197,"1.2358413498541937e+19",0,0,313525275.593785,"9.829809843615883e+16",3464733386.55993,128628408.871728,"1.6545267568872436e+16",473541621.489508,"2.2424166728291245e+17",3724554861.08726,"1.3872308913248737e+19"
"stress-ng --cpu 1 --cpu-method int128 --timeout 10s",7.07,85444496.4713446,7300761977241621,85424527.00826,7297349814584942,574348912.982444,"3.298766738441151e+17",12169.8250221141,148104641.068874,84908523.0516387,7209457286810659,47.2961994620783,2236.9304835567,84888710.5482284,7206093178540903,21436213.5931635,459511253211728,23981.5774716904,575116058.030689,21590102.6407349,466132532037468,23926.7098895904,572487446.140623,1072.28753254713,1149800.55245601,1935.8283148135,3747431.26443368,"6.615100236966628e+18",4797988624.97483,"2.3020694845387858e+19",0,0,85325656.7971869,7280467707871326,3465798543.87295,2430993.78489445,5909730782195.44,4636538377.50901,"2.1497488126113886e+19",7013907429.89791,"4.919489743517711e+19"
"stress-ng --cpu 1 --cpu-method int64 --timeout 10s",7,1224718.05853975,1499934322913.37,1225716.68426178,1502381390077.69,566418455.534942,"3.208298667705891e+17",13302.0724291314,176945130.909858,1222898.70710912,1495481247849.16,48.4948064953261,2351.74625701912,1223933.82832219,1498014016111.41,71287901.3914683,5081964884799708,73377.8879635228,5384314441.9873,71081748.1043174,5052614913565630,73059.4017970005,5337676190.93556,1142.44070702777,1305170.76907411,2082.69074702778,4337600.74775513,"6.611109088594984e+18",5986897170.9345,"3.5842937735343518e+19",0,0,1223800.059573,1497686585810.88,3453677799.18684,6730516.23211496,45299848750763,144908878.507327,"2.0998583070251256e+16",6288350449.91285,"3.954335138091915e+19"
"stress-ng --cpu 1 --cpu-method int32 --timeout 10s",7.02,1199568.51998387,1438964634136.29,1122040.16966199,1258974142335.11,651094777.582334,"4.2392440939498906e+17",12310.9715783591,151560021.203166,1199294.28720822,1438306787330.27,52.3369493624999,2739.15626857288,1121832.27586701,1258507655176.96,79389629.9593177,6302713345077394,80922.659171029,6548476767.31052,79536420.0606322,6326042116061336,81375.8149246793,6622023254.65566,1097.99850980572,1205600.72753558,1947.50940894403,3792792.89792553,"6.613196560752309e+18",6479857538.99019,"4.198855372560799e+19",0,0,1124504.06910069,1264509401424.01,3465885623.06224,7343853.87366223,53932189717703.7,56795779.7603386,3225760598584890,6488761498.44054,"4.210402578364432e+19"
"stress-ng --cpu 1 --cpu-method int16 --timeout 10s",7,904753.212938694,818578376322.89,825077.998541569,680753703677.361,567633986.523298,"3.222083426563317e+17",11909.496418246,141836104.936214,904899.067116212,818842321667.791,53.0771718175449,2817.18616814918,825168.294088209,680902713568.445,81662023.2591204,6668686042773122,83629.7614801959,6993937005.23446,84049278.1536276,7064281158145862,85939.465802937,7385591782.49418,1006.87249008517,1013792.21129031,2019.94967895461,4080196.70550883,"6.604103578140065e+18",5864169837.73051,"3.4388487885748273e+19",0,0,851991.551562224,725889603933.406,3462939573.885,7058116.49354166,49817008436404.8,85352458.3519395,7285042146719567,5662753166.58806,"3.2066773425703105e+19"
"stress-ng --cpu 1 --cpu-method int8 --timeout 10s",7.01,1361733.16134703,1854317202712.18,1278639.11677949,1634917990958.63,593669853.017615,"3.5244389438195654e+17",9921.36672948181,98433517.7808686,1362629.59753134,1856759420068.42,51.4487001538161,2646.96874751728,1279473.11498887,1637051451979.32,84919811.2233768,7211374338213952,87105.0474466102,7587289290.67621,85145626.0855418,7249777641498896,86542.9346570617,7489679539.05645,1052.75309624637,1108289.08165632,1843.39177621291,3398093.24060939,"6.617294968793653e+18",5993100667.72058,"3.5917255613432865e+19",0,0,1279247.37529033,1636473847187.2,3462879036.90137,6538422.34925437,42750966817229,61676227.2590428,3803957008909094,6009728214.89893,"3.6116833216952275e+19"
"stress-ng --cpu 1 --cpu-method int128float --timeout 10s",7.33,463483476.529537,"2.148169330159059e+17",271731320.473054,"7.383791052602957e+16",969400460.494364,"9.39737252806685e+17",12003.8505222192,144092427.359782,467796213.499066,"2.1883329736406374e+17",47.7794700729954,2282.87776045626,274259517.314797,"7.521828283774542e+16",537072609.340945,"2.884469877042913e+17",18962.2100368848,359565409.482935,531424833.221537,"2.824123533645384e+17",18831.5252407355,354626342.892458,1088.21080347878,1184202.75280793,2067.95596759001,4276441.88389113,"6.618322065953782e+18",5794568598.88807,"3.357702524721965e+19",0,0,277003715.07684,"7.673105816637115e+16",3462762282.36273,2085581.93632094,4349652013108.2,5113418354.17055,"2.614704726476826e+19",7413536200.73438,"5.4960518999599145e+19"
"stress-ng --cpu 1 --cpu-method int128double --timeout 10s",7.38,800150425.85222,"6.402407039914892e+17",409591037.898059,"1.677648183264092e+17",846575092.476621,"7.166893872017994e+17",18518.4051294938,342931328.540062,802542415.691252,"6.440743289835503e+17",48.5426627043896,2356.39010243214,410815795.743562,"1.6876961803241603e+17",537108027.770618,"2.8848503349564294e+17",3320792.09334575,11027660127227.6,534623502.516894,"2.8582228944343136e+17",3246274.30538701,10538296865815.9,1049.9254886386,1102343.531693,1883.35128874531,3547012.07681862,"6.619685855454102e+18",5180910049.8181,"2.684182894430619e+19",0,0,404187739.066245,"1.6336772841148298e+17",3450174752.67545,764171399.647245,"5.839579280388296e+17",2697256864.04702,"7.275194590648764e+18",6189296624.24141,"3.8307392702846116e+19"
"stress-ng --cpu 1 --cpu-method int128longdouble --timeout 10s",7.21,870258254.142744,"7.573494289035767e+17",380553027.800423,"1.4482060696806954e+17",884800915.052895,"7.828726592784402e+17",11291.4928221977,127497810.153742,869785799.3444,"7.56527336741177e+17",50.8243636209978,2583.1159374794,380346414.441816,"1.4466339497874563e+17",767399830.625296,"5.88902500043733e+17",5726198.42237415,32789348372400.2,767467687.3024,"5.890066510532945e+17",5800921.30563237,33650687994139.6,1074.38058439989,1154293.64013545,1998.17279808044,3992694.53098862,"6.599096637528623e+18",4990992921.73737,"2.4910010344832524e+19",7280915.59381041,53011731884191.6,379718587.216617,"1.4418620547778355e+17",3461624853.51633,1023290719.30514,"1.0471238962160308e+18",1078390000.75439,"1.1629249937270533e+18",5256476419.7127,"2.7630544350995644e+19"
"stress-ng --cpu 1 --cpu-method int64float --timeout 10s",7.57,710760521.759385,"5.0518051929167315e+17",382750473.21413,"1.4649792474564045e+17",1229547425.54327,"1.5117868716600835e+18",11684.2229901325,136521066.883141,713455595.494828,"5.090188867428796e+17",56.8900506039216,3236.47785771676,384201718.915602,"1.4761096081770326e+17",900548391.882644,"8.109874061224163e+17",29833.5178852113,890038789.407222,903960475.07322,"8.171445404946016e+17",30087.5368168778,905259871.706977,1077.9252977872,1161922.94760962,1920.25725348707,3687387.91956971,"6.589412831405425e+18",6180245350.67317,"3.819543259451734e+19",0,0,383140559.350009,"1.467966882190378e+17",3458556149.35588,5875856.58241674,34525690577130.1,497567328.153204,"2.475732460455182e+17",6325644166.62961,"4.001377412281522e+19"
"stress-ng --cpu 1 --cpu-method int64double --timeout 10s",7.65,985244588.01434,"9.707068982115466e+17",491122940.502148,"2.4120174268747638e+17",940816495.328583,"8.851356778823576e+17",16696.6911399864,278779495.0241,982453272.927708,"9.652144334863656e+17",51.1609484885346,2617.44265024649,489731670.557793,"2.3983710914732672e+17",676884979.088737,"4.5817327491595994e+17",4139681.8250219,17136965612416.6,676185580.967694,"4.572269399086179e+17",4021165.20874393,16169769636012.6,1027.57303915821,1055906.35080484,1968.69346299382,3875753.9512346,"6.611425925172389e+18",5466657024.88429,"2.9884339027716755e+19",0,0,490693797.683936,"2.4078040308548352e+17",3454990810.79727,893260776.058559,"7.97914814044739e+17",837200582.983379,"7.009048161477097e+17",5712393131.26787,"3.263143528615634e+19"
"stress-ng --cpu 1 --cpu-method int64longdouble --timeout 10s",7.25,872346494.951586,"7.609884072543174e+17",379713787.459598,"1.4418256038691277e+17",872877955.733401,"7.619159256053211e+17",12488.6907572624,155967396.830531,871085389.209032,"7.587897552934509e+17",50.382112356992,2538.35724555257,379164790.624383,"1.4376593844923218e+17",770978711.851828,"5.94408174128704e+17",5824099.50316048,33920135022714.2,772463171.316138,"5.966993510397852e+17",5782782.4051752,33440572345603.9,1057.71256024514,1118755.86010033,1989.87899381348,3959618.41002015,"6.596636764027353e+18",4893137684.93247,"2.3942796403706294e+19",7044333.21620659,49622630460951.5,379488120.97534,"1.4401123396139429e+17",3465686738.09745,1035876670.28966,"1.073040476050393e+18",853855085.32469,"7.290685067348337e+17",5060540294.99072,"2.560906807722476e+19"
"stress-ng --cpu 1 --cpu-method int32float --timeout 10s",7.51,727348151.238401,"5.2903533310991994e+17",391682237.918637,"1.5341497550095174e+17",1230243603.56939,"1.5134993241233987e+18",11491.5895827508,132056631.138387,726088709.332246,"5.272048138197667e+17",49.9749232756336,2497.49295640547,391003717.849071,"1.5288390737179594e+17",922353139.381409,"8.50735313726741e+17",30728.5299170198,944242550.861181,920124230.59208,"8.466285997226673e+17",30730.8110725936,944382749.179441,1071.70143941848,1148543.97525164,1939.32234827658,3760971.17052499,"6.601355234448892e+18",6045693463.52235,"3.6550409454876873e+19",0,0,390327553.935315,"1.5235559936112624e+17",3451460332.18868,6035997.53235918,36433266210646.1,593122469.514034,"3.5179426384242624e+17",6069786790.50271,"3.6842311682161193e+19"
"stress-ng --cpu 1 --cpu-method int32double --timeout 10s",7.5,986497440.444709,"9.731772000039621e+17",491747497.978843,"2.4181560176845216e+17",932614960.783562,"8.697706650773248e+17",18079.4130412861,326865175.917426,982764537.555442,"9.658261362765617e+17",51.4058156951329,2642.55788728197,489887083.960381,"2.3998935503120534e+17",678223537.283492,"4.599871665253322e+17",3749379.65243957,14057847778127.9,675948558.019285,"4.5690645308835066e+17",3832141.70980656,14685310084039.1,1131.45688746556,1280194.68819325,2030.03797240238,4121054.16939557,"6.605013308215195e+18",5367847576.25097,"2.8813787601863414e+19",0,0,489068965.52353,"2.3918845303825578e+17",3452040380.26012,897816143.239956,"8.060738270622692e+17",778114965.993313,"6.054629003027745e+17",5611983484.53349,"3.1494358630676656e+19"
"stress-ng --cpu 1 --cpu-method int32longdouble --timeout 10s",7.25,873760527.56475,"7.634574595302301e+17",380329389.186261,"1.446504442787944e+17",875619274.152772,"7.667091132678272e+17",13434.9040772055,180496647.563713,871392751.783126,"7.593253278601686e+17",52.4085343992874,2746.65447788129,379298501.811006,"1.4386735347607373e+17",771851575.162175,"5.957548540803308e+17",5795242.03297608,33584830220772.7,772826153.645485,"5.972602637584749e+17",5734123.68153218,32880174395108.2,1118.60851813138,1251285.01683608,1995.38744908725,3981571.07197492,"6.611822613719213e+18",4875508999.95141,"2.37705880086072e+19",6937160.56445454,48124196697023.2,378842813.496282,"1.4352187733777869e+17",3460190662.27118,1039515173.98097,"1.0805917969366863e+18",854941108.447718,"7.309242989138127e+17",5047913095.41974,"2.5481426618910097e+19"
"stress-ng --cpu 1 --cpu-method intconversion --timeout 10s",6.84,118742.467033946,14099773477.3078,119484.220855353,14276479033.4108,263333482.403976,"6.934452295500514e+16",9685.82352169867,93815177.2934912,118145.949212365,13958465315.2907,49.5830608159368,2458.47991987689,118879.76807713,14132399258.0722,65764149.309318,4324923334378271,4096.83965346927,16784095.1462382,65856780.907426,4337115591488710,4430.19633201682,19626639.5402153,1031.0637360022,1063092.42769881,1954.45819634131,3819906.84124573,"6.606374119847279e+18",3740279845.94344,"1.3989693325970684e+19",0,0,118870.45658439,14130185448.5813,3453984852.42794,802970.495938083,644761617347.051,2068155.91458708,4277268887041.52,3760237012.60213,"1.413938239094299e+19"
"stress-ng --cpu 1 --cpu-method ipv4checksum --timeout 10s",7.94,913528112.263657,"8.345336118960006e+17",121183585.210048,"1.4685461324360966e+16",1333252764.03869,"1.777562932816807e+18",10179.2393284079,103616913.305006,912610183.724681,"8.32857347437996e+17",50.891291247046,2589.92352479166,121061529.789914,"1.4655893995074234e+16",1036615172.87598,"1.074571016636698e+18",29509928.7589026,870835895355507,1041592293.24371,"1.0849145053446908e+18",28684624.6006348,822807688479343,1066.24134134145,1136870.59798561,1948.0760257853,3795000.20223945,"6.612849230248667e+18",9087151307.75307,"8.257631888999835e+19",0,0,121070777.695912,"1.4658133211892944e+16",3453868850.22016,2432884874.82018,"5.918928814128803e+18",1220626552.97106,"1.4899291818180122e+18",9172205364.26217,"8.412935124419974e+19"
"stress-ng --cpu 1 --cpu-method jmp --timeout 10s",7.99,1140748363.61044,"1.3013068290798966e+18",2279974621.94603,"5.198284276717943e+18",1901433210.15029,"3.615448252662437e+18",13295.75144088,176777006.377663,1139890860.17675,"1.299351173114491e+18",48.479146914669,2350.22768557406,2278260929.78885,"5.190472864202355e+18",1807773839.82402,"3.2680462559520814e+18",97988.5354590094,9601753081.40155,1809048956.48014,"3.2726581269418834e+18",98108.2325489559,9625225293.88001,1031.41152110793,1063809.72587417,1828.94905784724,3345054.65620031,"6.583822404813528e+18",9984914877.28826,"9.969852510669242e+19",0,0,2282269784.26453,"5.208755368166865e+18",3462992706.89062,8063307.26636737,65016924071852.8,2857602331.65207,"8.165891085863347e+18",10009348674.1764,"1.0018706088123684e+20"
"stress-ng --cpu 1 --cpu-method lfsr32 --timeout 10s",6.79,483534.940893895,233806039065.263,368722.212932001,135956070309.472,318260947.21552,"1.0129003052252002e+17",11786.5388523989,138922498.119109,482996.364536055,233285488155.046,49.5029909302181,2450.54611103726,368361.518721062,135690208474.487,79585752.571143,6333892012315195,41394.6292029367,1713515326.84862,79327040.6650695,6292779380677591,41429.9111433074,1716437537.34235,1076.99115953375,1159909.95771385,1942.15727534387,3771974.88217112,"6.604731041137445e+18",3952952082.96857,"1.5625830170245558e+19",0,0,368034.053830771,135449064779.111,3457320365.90952,3557643.02152555,12656823868609.4,2437985.51822231,5943773387061.71,3969591213.91306,"1.5757654405575762e+19"
"stress-ng --cpu 1 --cpu-method ln2 --timeout 10s",6.85,285407998.956134,"8.145772586814459e+16",285184285.459342,"8.133007667295547e+16",145120919.162897,"2.1060081178684084e+16",11736.1562838741,137737364.319518,285531097.461755,"8.152800761771422e+16",52.1044184847133,2714.87042563013,285307503.592378,"8.14003716061148e+16",71749224.6387892,5147951236267436,47563.4662409983,2262283320.85859,71610108.8087348,5128007683598838,47505.6273720183,2256784632.00905,1087.63998306719,1182960.7327664,1912.69394255537,3658398.11788801,"6.611576452295273e+18",1712788629.74037,"2.9336448901678945e+18",87875744.7061501,7722146507660467,285495425.221468,"8.150763782238682e+16",3462264024.73333,11331911.4883552,128412217979917,39596199.663138,1567859027763090,1749100791.31156,"3.059353578166725e+18"
"stress-ng --cpu 1 --cpu-method logmap --timeout 10s",6.65,328847.210877524,108140488101.927,233278.688368667,54418946447.0057,199038854.178214,"3.9616465472576344e+16",9872.91824195493,97474514.6123264,329371.303723009,108485455716.195,50.1398221865017,2514.00176889401,233640.217430004,54587751200.7396,39903337.7864472,1592276366499300,22208.4602420967,493215706.32479,39940284.6153293,1595226335153510,21963.8358752426,482410086.354594,1047.57068021162,1097404.33003904,2046.02079665461,4186201.10034317,"6.577961228675155e+18",1944656307.11063,"3.781688152785153e+18",0,0,233421.087740463,54485404201.9409,3459885351.99116,3571834.22245013,12757999712665.9,1878787.15981184,3529841191873.84,1951522993.71255,"3.8084419949887933e+18"
"stress-ng --cpu 1 --cpu-method longdouble --timeout 10s",7.14,809863036.472758,"6.558781378448759e+17",345482863.467971,"1.193584089500287e+17",734259324.81596,"5.391367560791895e+17",14265.6668358213,203509250.270652,808857694.572873,"6.542507700697431e+17",51.4727984832892,2649.4489837013,345059812.754216,"1.1906627437797462e+17",622919842.159776,"3.880291297563602e+17",3625259.28159768,13142504858810.1,624353721.700592,"3.8981756980138035e+17",3631692.41128214,13189189770164.3,1043.98325974509,1089901.04662798,2001.93477368354,4007742.83808337,"6.593923088817293e+18",3983167887.82515,"1.5865626422601466e+19",8105324.17612141,65696280000018.2,345555313.849473,"1.1940847492960779e+17",3464153169.04106,809215878.29856,"6.5483033769051e+17",900581865.597563,"8.110476966431871e+17",4201488810.08108,"1.765250822123653e+19"
"stress-ng --cpu 1 --cpu-method loop --timeout 10s",7.79,4198191824.86849,"1.7624814598392623e+19",2099401914.53807,"4.407488398766114e+18",1052055424.48666,"1.1068206161918063e+18",11364.1861466982,129144726.776807,4380730955.92816,"1.919080370822725e+19",49.8430009381541,2484.32474252083,2190682312.10386,"4.799088992564713e+18",812681618.369607,"6.604514128358435e+17",52248.9254728549,2729950213.06795,1015790414.24977,"1.0318301656817194e+18",64570.8280772709,4169391838.58448,1036.43213397412,1074191.56833415,1934.96011185779,3744070.63448071,"6.595770047596362e+18",9903473218.40575,"9.807878178767995e+19",0,0,1980775105.37985,"3.9234700180925553e+18",3463013312.9067,9790348.57768782,95850925272633.9,3753451.91598335,14088401285599.1,7780448695.18041,"6.053538189833455e+19"
"stress-ng --cpu 1 --cpu-method matrixprod --timeout 10s",8.34,1632840149.85935,"2.6661669549927045e+18",37781112.6892116,1427412476034910,1039840401.54989,"1.0812680606954365e+18",10417.401006328,108522243.726644,1638084632.51687,"2.6833212632879293e+18",63.7425612437529,4063.11411391359,37902052.1742616,1436565559020450,818914042.699452,"6.706202093303599e+17",6393253.08422304,40873684998927.4,821668659.400774,"6.751393858414652e+17",6414856.24799918,41150380682494.1,1022.64142426667,1045795.48262616,2046.57913963154,4188486.17477498,"6.602515900771116e+18",6752263790.63115,"4.559306629826855e+19",60276196.6545631,3633219883139560,37869964.8448742,1434134237352008,3460791192.27977,1167156858.11513,"1.3622551314451817e+18",16448977.2752038,270568853400171,6792696749.95396,"4.61407291368351e+19"
"stress-ng --cpu 1 --cpu-method nsqrt --timeout 10s",6.92,4112389.32701221,16911745976923.9,3823852.11200905,14621844974516.1,314318820.623391,"9.879632099807942e+16",10380.8742211948,107762549.596267,4107170.35518039,16868848326472.6,51.0249389203767,2603.54439182817,3818981.12625405,14584616842684.7,577400621.398096,"3.333914775909073e+17",174118.738484508,30317335091.4365,578058584.407011,"3.341517270066375e+17",252461.930789973,63737026498.2011,1143.0772614397,1306625.62562048,2060.01342432353,4243655.30839316,"6.607046819106364e+18",3092825045.43096,"9.565566761645021e+18",3446877.25321787,11880962798750.8,3820456.99706754,14595891666442.3,3462697688.45676,35356436.2835979,1250077586676120,100380459.327543,"1.0076236614808516e+16",3289479899.44581,"1.0820678008858016e+19"
"stress-ng --cpu 1 --cpu-method omega --timeout 10s",6.84,48538485.1049056,2355984536279140,23078527.657399,532618438833331,572204434.226819,"3.2741791454883405e+17",11248.9643773753,126539199.563458,48600014.3916658,2361961398870123,50.0629484810439,2506.29881061566,23107731.7247981,533967265465241,42822854.892282,1833796901125440,23351.7488079008,545304172.387296,42897209.3876854,1840170573250920,23002.0979109509,529096508.304972,1034.2493237415,1069671.66365975,1926.84889262207,3712746.6549989,"6.619526542374253e+18",338706620.068391,"1.1472217447815339e+17",11381231.6210495,129532433211977,23113959.2042612,534255110096251,3467067592.42365,1004044965.70871,"1.0081062931650045e+18",5344752793.68299,"2.8566382425582125e+19",1314678395.35081,"1.7283792832021809e+18"
"stress-ng --cpu 1 --cpu-method parity --timeout 10s",7.15,454059.705200296,206170215886.58,306669.659562624,94046280096.2557,2195819701.15798,"4.82162415999352e+18",9848.22723368429,96987579.6462809,452532.836929238,204785968499.224,50.856332325815,2586.36653763374,305512.545051015,93337915183.5485,1627876851.54501,"2.649983043796095e+18",14964967.2267548,223950244097845,1632718252.12335,"2.665768890816727e+18",14997405.9598338,224922185524058,1085.65402255106,1178644.6566813,1929.20618361281,3721836.4988899,"6.5738389378149e+18",7779784795.2009,"6.052505145963911e+19",0,0,306952.140905688,94219616806.5853,3465467577.52847,2783823313.14607,"7.749672238815562e+18",948731955.497407,"9.000923233819338e+17",7708368216.73029,"5.941894056469772e+19"
"stress-ng --cpu 1 --cpu-method phi --timeout 10s",7.26,250671472.465627,"6.28361871080856e+16",146266961.477269,"2.1394024019792892e+16",1670685916.48417,"2.791191431538551e+18",11651.567177094,135759017.682334,249298031.826778,"6.214950867270522e+16",49.7299530992596,2473.06823525456,145465582.180463,"2.116023559910103e+16",2853186291.30146,"8.140672012870578e+18",3469.37306189407,12036549.4425962,2864462626.23065,"8.205146137072193e+18",3444.56095403937,11865000.1660926,1144.2892597546,1309397.90998973,2068.3224596265,4277957.79699541,"6.563104920054887e+18",12600280196.8861,"1.5876706104004005e+20",0,0,146364660.696827,"2.1422613900897292e+16",3466278316.94279,758326.488914009,575059063788.649,106535404.015247,"1.1349792308691908e+16",12709507839.2166,"1.6153158951510822e+20"
"stress-ng --cpu 1 --cpu-method pi --timeout 10s",6.86,291629531.449971,"8.504778361372963e+16",195129219.27367,"3.807541221435198e+16",248417101.558256,"6.171105634660487e+16",13154.4802072558,173040349.523085,291039904.433363,"8.470422597258107e+16",50.6361480667424,2564.01949103706,194734875.927953,"3.792167190267525e+16",120450702.431012,"1.4508371716124202e+16",3937.86151013126,15506753.2729732,119261065.613983,"1.422320177138276e+16",3999.26517125911,15994121.9100462,1065.07335123516,1134381.24351129,2004.07787867419,4016328.14379124,"6.59888202364984e+18",1603302441.3215,"2.570578718347482e+18",13175099.7977632,173583254681020,195306265.14775,"3.8144537205963224e+16",3462662572.01285,748880098.765033,"5.6082140232632557e+17",1490729336.68933,"2.22227395526621e+18",2020319227.17523,"4.0816897796939187e+18"
"stress-ng --cpu 1 --cpu-method prime --timeout 10s",6.96,101108.703585005,10222969940.6404,100886.51358467,10178088623.2698,831003306.259337,"6.905664950139493e+17",10753.9425213056,115647279.751545,101535.439722015,10309445519.5429,50.5564141786493,2555.95101460313,101258.928649398,10253370631.2239,531141234.355938,"2.8211101083314947e+17",11105476.668143,123331612026669,530362962.685175,"2.8128487218819632e+17",11048534.0949005,122070105646179,1073.0598371746,1151457.41415718,1967.80276837609,3872247.7352286,"6.626213975004819e+18",2288937047.30769,"5.239232806537647e+18",0,0,100975.181361281,10195987250.9436,3455685726.85821,1758879407.0556,"3.093656768564259e+18",1156560815.55026,"1.3376329200662828e+18",3145602693.99646,"9.894816308477786e+18"
"stress-ng --cpu 1 --cpu-method psi --timeout 10s",7.01,28040945.2536657,786294610719077,15340194.1312309,235321555983851,254229193.242785,"6.463248269687732e+16",10850.4583572367,117732446.562128,28085179.4114581,788777302573790,49.6305693413146,2463.19341314304,15364361.7357609,236063611547314,494210838.431765,"2.4424435282342816e+17",3759.63310932521,14134841.1167343,493468555.135809,"2.4351121490782298e+17",3721.12361106192,13846760.9288025,980.15323550914,960700.365079036,2055.80223310237,4226322.82162869,"6.617736053566823e+18",3844341997.5881,"1.4778965394419663e+19",2545578.06015152,6479967660324.78,15371671.8507046,236288295485744,3464555797.1914,933290.083089695,871030379193.57,236548902.513858,"5.595538328051069e+16",4554463711.65382,"2.074313970077149e+19"
"stress-ng --cpu 1 --cpu-method queens --timeout 10s",7.53,813792723.887039,"6.622585974514865e+17",813791584.791016,"6.622567434766734e+17",1097438293.24372,"1.2043708074776893e+18",11091.3079093858,123017111.140804,812323822.766386,"6.59869993033795e+17",49.6634028951556,2466.45358712655,812322674.016312,"6.598681267210115e+17",511744078.522986,"2.6188200190334006e+17",60375935.2618782,3645253558746510,512665680.005289,"2.628260994552854e+17",60499575.5919049,3660198646800615,1092.47767481415,1193507.46996733,1907.60492156235,3638956.5367689,"6.592150217168884e+18",4678837855.67507,"2.1891523679698084e+19",0,0,810781046.476384,"6.573659053253404e+17",3467671936.16055,5808560469.27034,"3.3739374725170074e+19",1927224628.24431,"3.7141947677114184e+18",4965705615.36191,"2.4658232258436805e+19"
"stress-ng --cpu 1 --cpu-method rand --timeout 10s",6.92,356293.328200907,126944935720.479,331576.714363087,109943117507.82,479814634.39255,"2.3022208337725642e+17",10260.4950596095,105277758.868271,357002.774108725,127450980721.325,48.4846304617147,2350.75939100903,332221.098560089,110370858328.472,53485796.4011819,2860730416668680,28255.5828991617,798377964.971399,53623798.7519504,2875511792589677,28633.2771014617,819864557.569091,1010.18578125168,1020475.31264307,1782.90681071212,3178756.69568366,"6.58365046953676e+18",5214984049.27174,"2.7196058634158674e+19",0,0,332459.494577867,110529315534.971,3463153835.45332,2393654.53601148,5729582037768.33,3358602.5131334,11280210841226,5226568825.45831,"2.731702168725266e+19"
"stress-ng --cpu 1 --cpu-method rand48 --timeout 10s",7.31,1558487956.98598,"2.428884712070334e+18",833673560.828743,"6.950116060248758e+17",833831600.995392,"6.952751388185385e+17",12260.1729169435,150311839.953355,1556799339.86795,"2.423624184613285e+18",50.8947094009142,2590.2714450035,832770277.103963,"6.935063344278113e+17",760334777.750932,"5.781089742575592e+17",5052.17805406967,25524503.0900232,766943410.564397,"5.882021950081492e+17",5101.62733176905,26026601.432253,1045.45371676178,1092973.47389102,1931.59149551128,3731045.7055315,"6.601206998851528e+18",4911096417.06887,"2.411886801774669e+19",0,0,830589500.963,"6.898789191099654e+17",3453392581.28201,1123056.21986846,1261255272985.23,256267641.614677,"6.5673104138748536e+16",5151445468.54051,"2.6537390415346557e+19"
"stress-ng --cpu 1 --cpu-method rgb --timeout 10s",6.72,1198315.17285387,1435959253491.8,52864038.1134607,2794606525661425,170424425.481229,"2.904448480060698e+16",12229.9538104859,149571770.206619,1199124.58277777,1437899765021.96,50.8963631402245,2590.4397809016,52915322.5631573,2800031361962984,7011473.26271141,49160757313717,55237.2474010927,3051153500.44952,7026389.25944355,49370146025223.7,54668.7207085432,2988669023.9087,1066.81457514417,1138093.33774004,2024.71666165224,4099477.55997219,"6.579398339962714e+18",1538831828.10551,"2.368003395190546e+18",0,0,52907237.3174656,2799175760566625,3461838154.17343,4818018.82520513,23213305400031,1504980.54984318,2264966455406.28,1544588265.16204,"2.3857529088762803e+18"
"stress-ng --cpu 1 --cpu-method sieve --timeout 10s",7.49,1039121474.20601,"1.0797734381560714e+18",687168493.343196,"4.722005382435581e+17",990911324.317478,"9.81905252660618e+17",10327.8355707943,106664187.577364,1034620357.37019,"1.0704392838848197e+18",50.6126773971364,2561.6431133066,684191921.125809,"4.6811858493382515e+17",729101097.024818,"5.3158840968279296e+17",389786.665467987,151933644576.652,728049400.172245,"5.3005592909116576e+17",387119.386125003,149861419113.799,1075.37884567855,1156439.66173293,1874.13008411186,3512363.57217313,"6.618602593694786e+18",9437150124.39327,"8.905980247033592e+19",0,0,686733350.370108,"4.7160269451055354e+17",3465280750.31889,152875814.650511,"2.337101470505739e+16",46546558.7529876,2166582131745330,9467005693.66918,"8.962419680396467e+19"
"stress-ng --cpu 1 --cpu-method stats --timeout 10s",8.09,1442539763.20918,"2.0809209684395976e+18",1102458620.4867,"1.2154150098854377e+18",1271686836.09119,"1.6171874090876214e+18",12449.2182974847,154983036.218428,1571490737.97125,"2.469583139529424e+18",51.3469960965947,2636.51400814371,1201007079.37572,"1.442418004710597e+18",1051307380.0774,"1.1052472074052067e+18",1186796.12788901,1408485049172.35,1055567504.51015,"1.1142227565777855e+18",1191318.27766692,1419239238703.28,1152.0229958964,1327156.98307412,2104.63884979018,4429504.68804613,"6.591517354239628e+18",8421504467.2458,"7.092173749184097e+19",0,0,1202879502.87746,"1.4469190984427254e+18",3464840146.06795,169240453.099453,"2.864233096530815e+16",2550183269.34204,"6.503434707232056e+18",8443927991.79765,"7.12999199306639e+19"
"stress-ng --cpu 1 --cpu-method sqrt --timeout 10s",7.09,394272459.925833,"1.5545077265596758e+17",394243347.203173,"1.554278168139616e+17",493027123.739033,"2.4307574474238374e+17",10868.8280674097,118131423.558913,394431638.839856,"1.5557631771789462e+17",51.1957390010564,2621.00369186429,394402704.904948,"1.555534936363395e+17",593255719.876862,"3.519523491666138e+17",8145.38404899695,66347281.3056539,592064934.428045,"3.5054088657928525e+17",8863.14607711244,78555358.3842336,1120.54257701934,1255615.66691314,1954.33771277837,3819435.89558779,"6.599743120627895e+18",3747109000.83241,"1.4040825864119261e+19",68861068.0875247,4741846698154712,394514891.835185,"1.556419998797277e+17",3455270913.36355,1906607.23545935,3635151150305.95,100562471.297921,"1.0112810633545186e+16",3766113206.31597,"1.4183608682787555e+19"
"stress-ng --cpu 1 --cpu-method trig --timeout 10s",7.04,430120234.263979,"1.850034159233002e+17",171152096.273477,"2.9293040058805536e+16",444346974.092612,"1.974442333852604e+17",11960.7455544962,143059434.219401,430007476.396487,"1.8490642975687533e+17",59.3722704826308,3525.06650226267,171107416.735882,"2.9277748062026796e+16",184048084.059674,"3.3873697246036824e+16",120910.269170209,14619293190.8124,183584340.920962,"3.3703210231384004e+16",206354.777579132,42582294229.733,1015.01719850556,1030259.91326208,1890.09810677236,3572470.85322446,"6.605472732258436e+18",1633732671.17539,"2.669082440865875e+18",12658089.3330605,160227225563740,170583500.844501,"2.9098730760365868e+16",3453604692.47443,1131882060.33845,"1.2811569985160146e+18",4467410447.60044,"1.9957756107329565e+19",2617931940.97789,"6.853567647592263e+18"
"stress-ng --cpu 1 --cpu-method union --timeout 10s",6.93,384767043.712301,"1.4804567792710378e+17",240540915.617471,"5.785993208609131e+16",289620813.426791,"8.38802155699961e+16",13377.3720464469,178954082.869059,384628457.583513,"1.479390503830723e+17",51.3396112463517,2635.75568292652,240454508.988284,"5.7818370892796744e+16",24286475.5654216,589832895389820,26633.1215423057,709323163.087228,24318077.81322,591368908529823,26629.9449396639,709153967.489531,1106.08362729027,1223420.9905596,2061.74634105183,4250797.97484061,"6.583893747506579e+18",3032410183.24578,"9.195511519452705e+18",0,0,240897050.738072,"5.803138905430124e+16",3465467021.59471,2592311.91523675,6720081065878.43,14460173.1305198,209096606964607,3031374482.55832,"9.189231253505722e+18"
"stress-ng --cpu 1 --cpu-method zeta --timeout 10s",7.41,1161745081.6694,"1.3496516347830408e+18",434420012.333488,"1.8872074711582784e+17",857739267.120061,"7.357166503596594e+17",12784.6228590728,163446581.648727,1161657084.7284,"1.349447182499685e+18",49.5284840078513,2453.07072811598,434387416.210303,"1.88692427361863e+17",964075673.032682,"9.294419033334186e+17",13528.7559910701,183027238.665915,963443713.514239,"9.282237891101069e+17",13849.7885353508,191816642.473934,1082.52245001503,1171854.85478654,1880.64204054736,3536814.48467414,"6.621547828379709e+18",5311286177.12541,"2.820976085532345e+19",13332943.3012596,177767377074603,434995055.180128,"1.892206980311626e+17",3459226390.41826,3671445.36911289,13479511098380.5,464918915.053412,"2.1614959757444173e+17",5565548629.77883,"3.0975331550433006e+19"
